PK_NOMBRE_ESCUELA;FK_COMUNA;
Estadio Nacional Julio Martinez Pradanos;Santiago ;
Estadio Monumental David Arellano;Santiago ;
Estadio Ester Roa Rebolledo;Concepcion;
Estadio Sausalito;Vina del Mar;
Estadio Regional Calvo y Bascunan;Antofagasta;
Estadio Elias Figueroa Brander;Valparaiso;
Estadio Santa Laura - Universidad SEK;Santiago ;
Estadio Francisco Sanchez Rumoroso;Coquimbo;
Estadio German Becker;Temuco;
Estadio La Portada;La Serena;
Estadio Fiscal de Talca;Talca;
Estadio San Carlos de Apoquindo;Santiago ;
Estadio El Teniente;Rancagua;
Estadio Tierra de Campeones;Iquique;
Estadio Zorros del Desierto;Calama;
Estadio Bicentenario de La Florida;Santiago ;
Estadio Bicentenario Nelson Oyarzun;Chillan;
Estadio El Cobre;El Salvador;
Estadio Ruben Marcos Peralta;Osorno;
Estadio Huachipato-CAP Acero;Talcahuano;
Estadio Regional de Chinquihue;Puerto Montt;
Estadio Municipal de San Felipe;San Felipe;
Estadio Carlos Dittborn;Arica;
Estadio Municipal Nicolas Chahuan Nazar;La Calera;
Estadio Luis Valenzuela Hermosilla;Copiapo;
Estadio La Granja;Curico;
Estadio Municipal de La Cisterna;Santiago ;
Estadio Municipal Lucio Farina Fernandez;Quillota;
Estadio El Morro;Talcahuano;
Estadio Roberto Bravo Santibanez;Melipilla;
Estadio Municipal Jorge Silva Valenzuela;San Fernando;
Estadio Municipal de La Pintana;Santiago ;
Estadio Municipal Joaquin Munoz Garcia;Santa Cruz;
Estadio Diaguita;Ovalle;
Estadio Municipal Doctor Olegario Henriquez Escalante;San Antonio;
Estadio Fiscal Manuel Moya Medel;Cauquenes;
Estadio Municipal Nelson Rojas;Vallenar;
Estadio Parque Municipal;Valdivia;
Estadio Fiscal Antonio Rispoli Diaz;Punta Arenas;
Estadio Municipal de Los Angeles;Los Angeles;
Estadio Alberto Larraguibel;Angol;
Estadio Federico Schwager;Coronel;
Estadio Fiscal Tucapel Bustamante Lastra;Linares;
Estadio Santiago Bueras;Santiago ;
Estadio Lautaro de Buin;Buin;
Estadio Municipal de San Joaquin;Santiago ;
Estadio Municipal Luis Navarro Aviles;San Bernardo;
Estadio Municipal Italo Composto Scarpatti;Villa Alemana;
Estadio Regional de Los Andes;Los Andes;
Estadio Municipal Augusto Rodriguez;San Vicente de Tagua Tagua;
Estadio Municipal de Lo Barnechea;Santiago ;
Estadio Municipal Raul Vargas Verdejo;Quintero;
Estadio Municipal Leonel Sanchez Lineros;Santiago ;
;;
Nombre;Ciudad;
Estadio Municipal Miguel Riffo Leon;Graneros;
Estadio Atletico Mario Recordon;Santiago ;
Estadio Municipal Guillermo Guzman Diaz;Rengo;
Estadio Municipal Ascanio Cortes Torres;Tocopilla;
Estadio Reinaldo Martin Muller;Santiago ;
Estadio Monumental Aristides Bahamondes;Chillan Viejo;
Estadio Anaconda;Chuquicamata;
Estadio Luis Becerra Constanzo;Calama;
Estadio Municipal de Alto Hospicio;Alto Hospicio;
Estadio Parque Juan Lopez;Antofagasta;
Estadio La Pampilla;Coquimbo;
Estadio Felix Gallardo;Valdivia;
Estadio Municipal Manuel Rojas del Rio;Colina;
Estadio Municipal Carlos Vogel Meyer;La Union;
Estadio Municipal de Castro;Castro;
Estadio Vulco;Santiago ;
Estadio Alberto Allaire;Osorno ;
Estadio Municipal de Illapel;Illapel;
Estadio OHiggins;Valparaiso;
Estadio Manquehue;Santiago ;
Estadio USACH;Santiago ;
Cancha N° 3 Alfredo Rossi Montana;;
Estadio Municipal Sila Smith;San Nicolas;
Estadio Municipal de Cavancha;Iquique;
Estadio ANFA Chillan;Chillan;
Estadio Municipal de Yumbel;Yumbel;
Estadio Municipal Raul Erazo;Curanilahue;
Estadio Luis Alamos Luque;Chanaral;
Estadio La Caldera;Caldera;
Estadio Municipal Eladio Rojas;Tierra Amarilla;
Estadio Municipal de San Francisco de Mostazal;San Francisco de Mostazal;
Estadio de Hanga Roa;Isla de Pascua;
Estadio Facela;Laja;
Estadio Municipal de Salamanca;Salamanca;
Estadio Municipal Angel Navarrete Candia;Limache;
Estadio Gustavo Ocaranza;Limache;
Estadio Municipal Matias Vidal Perez;Villarrica;
Estadio Municipal Luis Figueroa Riquelme;Cabrero;
Estadio Municipal de Puente Alto;Puente Alto;
Estadio Municipal de Pirque;Pirque;
Estadio Municipal de Penalolen;Santiago ;
Estadio Municipal Alfonso Escobar;San Javier;
Estadio Municipal de Codegua;Codegua;
Estadio Municipal Juan Antonio Rios;Santiago ;
Estadio Centenario de Cabildo;Cabildo;
Estadio Atletico Municipal de Concon;Concon;
Estadio Municipal de Concon;Concon;
Estadio Municipal El Alto;Nueva Imperial;
Estadio Canadela;Arica;
Stadio Italiano de Valparaiso;Vina del Mar;
Estadio Militar Los Heroes;Antofagasta;
Estadio Municipal Lucas Pacheco Toro;Talagante;
Estadio Municipal de Paine;Paine;
Estadio Fiscal de Mulchen;Mulchen;
Estadio Complejo Deportivo Labranza;Temuco ;
Estadio Saint George;Santiago ;
Estadio Hernan Villanueva;Iquique;
Estadio Schilling;Osorno;
Complejo Deportivo Algarrobo;Vallenar;
Estadio ANFA Luis Hernan Alvarez;Curico;
Estadio Municipal Alcalde Claudio Guajardo Oyarce;Rio Claro ;
Estadio Municipal de San Rafael;San Rafael;
Estadio Municipal Bernardo OHiggins;Santiago ;
Estadio Municipal de Coltauco;Coltauco;
Estadio Escolar de Antofagasta;Antofagasta;
Estadio Boca Sur;San Pedro de la Paz;
Estadio Municipal Enrique Donn Muller;Constitucion;
Estadio Municipal Patricio Mekis;Rancagua;
Estadio Municipal Guillermo Saavedra;Rancagua;
Estadio Municipal Nelson Valenzuela Rojas;Parral;
Estadio Municipal Eugenio Castro Gonzalez;El Quisco;
Estadio Municipal Fernando Ross Marchessi;Cartagena;
Estadio Municipal de Nogales;Nogales;
Estadio Soinca;Melipilla;
Estadio Polideportivo de Calama;Calama;
Estadio Municipal de Mejillones;Mejillones;
Estadio Municipal de Chiguayante;Concepcion ;
Estadio Municipal de Molina;Molina;
Estadio Municipal de Maria Elena;Maria Elena;
Estadio Municipal Samuel Valk;Los Lagos;
Estadio Esparta;Santiago ;
Estadio Municipal de Teno;Teno;
Estadio Municipal Belmor Rojas Iriarte;Taltal;
Estadio Municipal Alcalde Camilo Perez Vicencio;Puchuncavi;
Estadio Municipal Los Notros;Loncoche;
Estadio Municipal de Lautaro;Lautaro;
Estadio CARR Feruchi;Santiago ;
Estadio Municipal Sur;Talca;
Estadio Municipal de Los Muermos;Los Muermos;
Estadio Carcel Colina I;Colina;
Estadio Municipal de Hijuelas;Hijuelas;
Estadio Complejo Deportivo Cemento Melon;La Calera;
Estadio Las Torres;Vina del Mar;
Cancha 5 Sergio Marchant Munoz;Antofagasta;
Complejo Deportivo Parcela 41;La Serena;
Estadio Municipal Enrique Doll Rojas;La Ligua;
Estadio Atletico Eliana Gaete Lazo;Santiago ;
Estadio Parque La Piscina;Curanilahue;
Estadio Municipal de San Jose de Maipo;San Jose de Maipo;
Estadio Municipal Fernando Cornejo;Quinta de Tilcoco;
Estadio Municipal Arturo Echazarreta Larrain;Casablanca;
Estadio Municipal de Santa Maria;Santa Maria;
Estadio Municipal Jorge Prieto Letelier;Llay-Llay;
Estadio Municipal Miguel Alarcon Osores;Cauquenes;
Cancha N°2 Estadio Fiscal Manuel Moya Medel;Cauquenes;
Estadio Colegio Quillon;Quillon;
Estadio Bernardino Luna;Coronel;
Estadio Municipal Lintz;Puerto Montt;
Estadio Municipal de Chimbarongo;Chimbarongo;
Estadio Olimpico Cuyuncavi;Curacavi;
Estadio Municipal Juan Rogelio Nunez;Tome;
Estadio Modelo de Pudahuel;Santiago ;
Estadio Centenario de La Union;La Union;
Estadio Estrella Solitaria;Lampa ;
Complejo Deportivo Raimundo Tupper Lyon;Santiago ;
Estadio Municipal de Traiguen;Traiguen;
Estadio Centenario de Antofagasta;Antofagasta;
Estadio Municipal Villa Olimpica;Quilpue;
Estadio Municipal Joel Fritz;Ancud;
Estadio Municipal de Quellon;Quellon;
Estadio Municipal de Longavi;Longavi;
Estadio Municipal de Freire;Freire;
Estadio Municipal de Coihueco;Coihueco;
Estadio Municipal de Los Alamos;Los Alamos;
Estadio Fiscal Osvaldo Munoz Carrillo;Pucon;
Estadio Municipal Aurelio Dominguez;El Monte;
Estadio Municipal Amador Poblete Villagran;Perquenco;
Estadio El Alto;Padre Las Casas;
Estadio Municipal de Algarrobo;Algarrobo;
Estadio Municipal de Pichilemu;Pichilemu;
Estadio Municipal de Pitrufquen;Pitrufquen;
Estadio Municipal de Cajon;Vilcun ;
Estadio Municipal de Isla de Maipo;Isla de Maipo;
Estadio Gaete;Talcahuano;
Estadio Municipal de Coelemu;Coelemu;
Estadio Municipal Rene Correa Hermosilla;Santa Barbara;
Complejo Deportivo Municipal de Los Vilos;Los Vilos;
Estadio Municipal de Coinco;Coinco;
Estadio Municipal de Empedrado;Empedrado;
Estadio Eladio Rojas;Valdivia;
Complejo Deportivo Santa Ines;La Serena ;
Estadio Atletico Bilbao;Santiago ;
Estadio Municipal Los Libertadores;Panquehue;
Estadio Municipal de Pedro Aguirre Cerda;Santiago ;
Estadio Atletico Quilamapu;Chillan;
Estadio Municipal de Victoria;Victoria;
Estadio Municipal de San Carlos;San Carlos;
Estadio Municipal de Curacautin;Curacautin;
Estadio Escuela Militar;Santiago ;
Complejo Deportivo Tadeo Haenke;Iquique;
Estadio Municipal de Rauco;Rauco;
Estadio Municipal de Lolol;Lolol;
Estadio Municipal Ewaldo Klein;Puerto Varas;
Estadio Tierra de Oro y Sol;Illapel ;
Estadio Municipal de Quilicura;Santiago ;
Canchas 2, 3 y 4 Estadio Regional Calvo y Bascunan;Antofagasta;
Cancha N°2 Estadio German Becker;Temuco;
Estadio Municipal de Canete;Canete;
Estadio Municipal de Hualqui;Hualqui;
Estadio Municipal de Nacimiento;Nacimiento;
Estadio Municipal de Hualpen;Concepcion ;
Cancha N°2 Estadio La Pampilla;Coquimbo;
Estadio Parque Urbano Tierras Blancas;Coquimbo ;
Estadio Escuela de Investigaciones Policiales;Santiago ;
Estadio Universidad de Concepcion;Concepcion;
Estadio Municipal de Monte Aguila;Cabrero ;
Estadio Municipal Alcalde Alejandro Floody;Carahue;
Estadio Atletico Provincial de Lebu;Lebu;
Estadio N° 1 Segundo Pichincho Ortiz;El Salvador;
Estadio Erwin Fischer Luft;Valparaiso;
Estadio Municipal de Puerto Octay;Puerto Octay;
Estadio Centro Recreativo Jorge Larrondo;Ovalle ;
Estadio Marista de Los Andes;Los Andes;
Complejo Deportivo Omar Dib Sanhueza;Traiguen;
Estadio Las Dunas;Caldera;
Estadio Cardenal Caro;Santiago ;
Estadio Municipal de Pelarco;Pelarco;
Estadio Municipal Eleodoro Pintor Salvadores;Lanco;
Cancha Las Vegas;Osorno ;
Estadio Municipal de Panguipulli;Panguipulli;
Estadio Municipal El Rungue;Nogales ;
Estadio Municipal de Huepil;Tucapel ;
Complejo Deportivo Escuela de Gendarmeria ;Santiago ;
Estadio La Anivana;Graneros ;
Estadio Pueblo Nuevo;La Calera;
Estadio Jorge Hidalgo;La Calera;
Estadio Municipal de San Clemente;San Clemente;
Estadio Municipal de Olivar Bajo;Olivar ;
Estadio Centenario de Los Andes;Los Andes;
Estadio Municipal Los Aromos;Mafil;
Estadio Chacabuco;Santiago ;
Estadio Municipal de San Ramon;Santiago ;
Estadio Atletico Ramon Tapia Chambilla;Copiapo;
Estadio Municipal Lo Blanco;Santiago ;
Estadio Municipal de San Pedro;San Pedro;
Estadio Municipal de Las Condes;Santiago ;
Estadio Municipal Jose Campos Orellana;Quillon;
Cancha N°2 Estadio Municipal de La Pintana;Santiago ;
Estadio Las Animas;Valdivia;
Estadio Municipal N°2 Del Nacional;Valdivia;
Estadio Municipal de Lampa;Lampa;
Estadio Gasco;Santiago ;
Estadio Municipal Edmundo Larre Bollmann;Rio Bueno;
Estadio Centenario de Purranque;Purranque;
Estadio Municipal de Monte Patria;Monte Patria;
Estadio Municipal de Renca;Santiago ;
Estadio Municipal de Lota;Lota;
Estadio Municipal de San Pedro de Atacama;San Pedro de Atacama;
Estadio Municipal Jonattan Munoz Allulef;Villarrica ;
Estadio Municipal de Huasco Bajo;Huasco ;
Estadio Municipal de Huasco;Huasco;
Estadio Escuela de Carabineros;Santiago ;
Estadio Militar de Santiago;Santiago ;
Estadio Municipal de Placilla de Penuelas;Valparaiso ;
Estadio Ramon Alarcon Alarcon;San Antonio;
Estadio Municipal de Olmue;Olmue;
Estadio Instituto Nacional;Santiago ;
Estadio Fiscal Ramon Canas;Punta Arenas;
Estadio 18 de Septiembre;Punta Arenas;
Estadio Municipal Santa Anita;Santiago ;
Estadio Malloco Atletico;Santiago (Malloco, Penaflor);
Complejo Deportivo Jaime Fernandez Garcia;Talca;
Complejo Deportivo Gilberto Tapia Novoa;Talca;
Estadio Estero Lobos;Puerto Montt;
Estadio El Roble;Chillan;
Complejo Deportivo Rio Viejo;Chillan;
Campo Deportivo Colegio Seminario Padre Alberto Hurtado;Chillan;
Estadio Municipal de Pinto;Pinto;
Estadio Municipal Jose Fuentes Espinoza;Florida;
Complejo Deportivo ANFA Chiguayante;Concepcion ;
Estadio Municipal de Carampangue;Arauco ;
Estadio Municipal Laureano Rosales;Futrono;
Estadio Municipal Roberto Echeverria Boutaud;Cunco;
Estadio Municipal de Melipeuco;Melipeuco;
Estadio Municipal de Alerce;Puerto Montt ;
Estadio Antonio Varas;Puerto Montt;
Estadio Luis Cruchaga;Curacavi;
Complejo Deportivo Alexander Kurtovic;Tocopilla;
Centro Deportivo y Recreacional Villa Esperanza;Antofagasta;
Stade Francais;Santiago ;
Estadio El Bosque de Santa Ines;Vina del Mar;
Estadio Contraloria;Santiago ;
Estadio El Parron;Buin ;
Estadio El Cacique;Buin;
Estadio Municipal de Cerrillos;Santiago ;
Estadio C.T.I.;Santiago ;
Estadio Victor Braun Page;Maria Pinto;
Estadio Old Grangonian Club;Colina ;
Estadio Municipal de Til Til;Til Til;
Estadio Polpaico;Til Til ;
Estadio Municipal Rafael Olate;Papudo;
Estadio Municipal de El Tabo;El Tabo;
Estadio Huracan de Llolleo;San Antonio ;
Estadio Marista de Rancagua;Rancagua;
Pista Atletica Patricio Mekis;Rancagua;
Estadio Colegio Los Cipreses;Donihue ;
Complejo Deportivo Agrosuper;Donihue ;
Estadio Municipal Guillermo Chacon;Machali;
Estadio Froilan Naranjo;Requinoa ;
Estadio Municipal de Peumo;Peumo;
Estadio Municipal de Chanco;Chanco;
Estadio Municipal Aquiles Sani Guilardoni;Hualane;
Estadio Tineo Park;Concepcion ;
Estadio Anibal Pinto;Concepcion;
Estadio Fiscal de Hualqui;Hualqui;
Estadio Municipal de Calle Larga;Calle Larga;
Estadio Municipal de San Esteban;San Esteban;
Estadio Minas Melon;Nogales ;
Estadio Municipal de Santa Juana;Santa Juana;
Estadio Municipal de Canela Robinson Estay Zepeda;Canela;
Estadio Atletico Club Deportivo Refineria Concon;Concon;
Estadio Municipal de Catapilco;Zapallar ;
Estadio Cachagua;Zapallar ;
Estadio Litoral Maitencillo;Puchuncavi ;
Estadio Carlos Garcia;Vina del Mar ;
Estadio Municipal Miraflores;Vina del Mar;
Estadio Club Deportivo Ritoque;Quintero;
Estadio Municipal de Chepica;Chepica;
Estadio Municipal de Las Cabras;Las Cabras;
Estadio Municipal de Colbun;Colbun;
Estadio Municipal de Sagrada Familia;Sagrada Familia;
Estadio Aldea del Encuentro;Santiago ;
Estadio Municipal de Lontue;Molina ;
Complejo Deportivo Amador Donoso;Santiago ;
Campo Deportivo Parque Pierre Dubois;Santiago ;
Estadio Club Deportivo Maule;Maule;
Estadio Club Deportivo Colo Colo San Javier;San Javier;
Estadio Municipal de Pelequen;Malloa ;
Estadio Municipal de Rosario;Rengo ;
Estadio Municipal N°2 de Salamanca;Salamanca;
Estadio Municipal de La Cruz;La Cruz;
Complejo Deportivo de El Monte;El Monte;
Estadio Municipal de Gultro;Olivar ;
Complejo Deportivo Bicentenario;Rio Bueno;
Estadio Jose Fernandez;Puchuncavi ;
Estadio Club Deportivo Pullally;Papudo ;
Estadio Juan Uribe Barrientos;Quellon;
Estadio Pudeto;Ancud ;
Complejo Deportivo Lideinsenoba;Santiago ;
Complejo Deportivo Freddy Carvajal;Coquimbo ;
Estadio Maximiliano Caceres ;Graneros;
Estadio Santa Teresa de la Torina;Pichidegua;
Estadio Condor de Pichidegua;Pichidegua;
Estadio Union La Vega;Cabildo ;
Estadio Tricolor La Chimba;La Ligua;
Estadio Club Deportivo Bellavista;La Ligua ;
Estadio El Retiro;Quilpue;
Estadio Baquedano;Concepcion ;
Cancha Gente de Mar;Concepcion ;
Estadio Juan Bautista Alfaro;Ovalle ;
Estadio Universidad Tecnica Federico Santa Maria;Valparaiso;
Estadio Universdad Santa Maria Campus Jose Miguel Carrera;Vina del Mar;
Estadio Municipal Raul Inostroza;Santiago ;
Parque Las Palmeras;Santiago ;
Parque Deportivo Los Tilos;Santiago ;
Complejo Deportivo General Bonilla;Santiago ;
Complejo Deportivo Liga Aeropuerto;Santiago ;
Campo Deportivo Noviciado ;Pudahuel ;
Complejo Deportivo El Peral Puente Alto;Santiago ;
Canchas Ex Old Grangonian Club;Santiago ;
Estadio Sergio Eguiguren;Santiago ;
Complejo Deportivo Quilin;Santiago ;
Complejo Deportivo Santiago Morning;Santiago ;
Complejo Deportivo La Cisterna;Santiago ;
Ciudad Deportiva Huachipato;Talcahuano;
Ciudad Deportiva Ivan Zamorano;Santiago ;
Complejo Deportivo Parque Costanera del Cautin;Temuco;
Complejo Deportivo Fidencio Santander;Vallenar;
Estadio Meseta Azul;Vallenar;
Complejo Deportivo Colegio Ingles Catolico;La Serena;
Campo Deportivo Colegio Marista Nuestra Senora de Andacollo;La Serena ;
Complejo Deportivo Las Vegas;Calama;
Estadio Municipal Nicanor Apablaza Apablaza;Pelluhue;
Estadio Municipal Pedro Rojas Rivera;Vicuna;
Estadio Municipal de Collipulli;Collipulli;
Estadio Municipal de Los Vilos;Los Vilos;
Estadio Municipal de Pumanque;Pumanque;
Estadio Municipal Humberto Angel Astudillo;Combarbala;
Estadio Municipal de Arauco;Arauco;
Estadio Municipal de Litueche;Litueche;
Estadio Municipal de Dalcahue;Dalcahue;
Estadio Parque Deportivo Cincuentenario;Paillaco;
Estadio Jose Fernandez Llorens;Talca;
Estadio Scuola Italiana;Santiago ;
Estadio Municipal Wilfredo Gonzalez Zeballos;Andacollo;
Estadio Municipal de Chonchi;Chonchi;
Estadio Municipal de Yerbas Buenas;Yerbas Buenas;
Estadio Municipal Carlos Lobos Hernandez;Villa Alegre;
Estadio Municipal de Puyehue;Puyehue ;
Estadio Municipal de Catemu;Catemu;
Estadio Municipal de Paillaco;Paillaco;
Estadio Municipal de Requinoa;Requinoa;
Estadio Municipal de Achao;Quinchao ;
Estadio Bancario;Osorno;
Estadio Estrella Blanca;Puerto Montt;
Estadio Municipal de Puerto Saavedra;Puerto Saavedra;
Estadio Municipal de Lo Miranda;Donihue ;
Estadio Municipal de Peralillo;Peralillo;
Estadio Municipal de Bulnes;Bulnes;
Complejo Deportivo Rahue Alto;Osorno ;
Estadio Municipal de Punitaqui;Punitaqui;
Estadio Municipal Alejandro Olmos;Zapallar;
Estadio Municipal de El Carmen;El Carmen;
Estadio Municipal Jose Climent;Santiago ;
Estadio Municipal de Vilcun;Vilcun;
Estadio Ramon Moncho Vega;Illapel;
Estadio Municipal de Puren;Puren;
Estadio Municipal Alejo Nunez Carranza;Placilla;
Estadio Municipal de Los Sauces;Los Sauces;
Estadio Municipal de Olivar Alto;Olivar ;
Estadio Campo Deportivo Nielol;Temuco;
Estadio IND Puerto Montt;Puerto Montt;
Estadio Municipal de Pemuco;Pemuco;
Estadio Municipal Victor Borquez Miranda;Puerto Natales;
Estadio Municipal Enrique Palma Torres;Petorca;
Complejo Deportivo Municipal San Pedro;Maria Pinto;
Estadio Municipal Julio Riesco;Curacavi;
Estadio Municipal de Diego de Almagro;Diego de Almagro;
Estadio Municipal de Yungay;Yungay;
Estadio Colegio Academia de Humanidades;Santiago ;
Estadio Flecha de Concepcion;Concepcion;
Auditorio Osman Perez Freire;Valparaiso;
Estadio Municipal de Negrete;Negrete;
Estadio Papelero;Santiago ;
Estadio Valderrama;San Fernando;
Estadio Cerro Alto;Los Alamos ;
Cancha Trinidad de Limache;Limache;
Estadio Atletico de Quillota;Quillota;
Estadio Guacolda;Huasco;
Estadio Mantilhue;Rio Bueno ;
Estadio Municipal de Malalhue;Lanco ;
Complejo Deportivo La Granja;Canete;
Complejo Deportivo Las Almejas;Antofagasta;
Centro Deportivo y Recreacional Trabajadores Rol B de Codelco;Calama;
Estadio Cultural Cordillera;Santiago ;
Estadio Amanecer;Temuco;
Estadio Municipal de Putaendo;Putaendo;
Auditorio Manuel Guerrero;Valparaiso;
Estadio Compania Chilena de Fosforos;Rengo;
Cancha Club Deportivo Bandera de Chile;Pirque ;
Estadio La Faena;Santiago ;
Estadio Luciano Durandeau Prado;Antofagasta;
Estadio Municipal de San Gregorio de Niquen;Niquen ;
Complejo Deportivo Lautaro;Antofagasta;
Estadio Las Rejas;Santiago ;
Estadio Municipal de Galvarino;Galvarino;
Estadio Municipal de Marchigue;Marchigue;
Estadio Municipal de Palmilla;Palmilla;
Estadio New Life;Cartagena;
Estadio Puerto Nuevo;Cartagena;
Estadio Municipal Cancha N° 2 Asociacion de Futbol de Quintero;Quintero;
Estadio Municipal de Treguaco;Treguaco;
Estadio Jose Orlando Gonzalez;Algarrobo ;
Estadio Independiente de Rabuco;Hijuelas ;
Complejo Deportivo Costanera de Limache;Limache;
Estadio Diego Portales;Nueva Imperial;
Estadio ANFA Puerto Aysen;Puerto Aysen;
Estadio San Joaquin Oriente;Santiago ;
Estadio ANFA Llanquihue;Llanquihue;
Estadio Municipal Juan Bucarey;Rinconada de Los Andes;
Auditorio Pedro Aguirre Cerda;Valparaiso;
Estadio Complejo Deportivo Municipal Gomez Carreno;Vina del Mar;
Estadio Colegio Aleman de Valparaiso;Vina del Mar;
Estadio Municipal de Paredones;Paredones;
Estadio La Montura;Santiago ;
Estadio Fiscal de San Felipe;San Felipe;
Estadio La Obra;Talca;
Estadio Colegio San Benito;Santiago ;
Estadio Las Condes;Santiago ;
Estadio Municipal de Tongoy;Coquimbo ;
Complejo Deportivo Ulises Aguirre;Paihuano ;
Estadio Sarmiento;Santiago ;
Estadio Huamachuco II;Santiago ;
Estadio El Maiten;Codegua ;
Estadio Municipal de La Punta;Mostazal ;
Estadio San Enrique;Chimbarongo ;
Estadio Municipal de Lebu;Lebu;
Estadio Union La Parroquia;Cabildo ;
Estadio Tricolor El Sobrante;Petorca ;
Estadio Sector Norte;Arica;
Estadio Municipal El Boldo;Corral;
Estadio Atletico Militar;Concepcion;
Estadio Campos Deportivos;Temuco;
Estadio Liga Popular;Punta Arenas;
Estadio Municipal de Rio Negro;Rio Negro;
Estadio Municipal de Panquehue;Panquehue;
Estadio La Febre de Ocoa;Hijuelas ;
Cancha La Bombonera;Osorno;
Estadio Campeones Por Siempre;Tocopilla;
Estadio Municipal de Maullin;Maullin;
Estadio La Candelaria;Maullin ;
Cancha Sintetica Estadio Monumental;Santiago ;
Estadio Club Deportivo De Rugby y Hockey Old Navy R H C;Vina del Mar;
Complejo Deportivo Los Llanos;La Serena ;
Complejo Deportivo El Milagro;La Serena;
Estadio Vicente Perez Rosales;Chillan;
Estadio Arturo Prat;Chillan;
Estadio Rosita OHiggins;Chillan;
Estadio Municipal de Teodoro Schmidt;Teodoro Schmidt;
Estadio Municipal Carlos Schneeberger;Temuco;
Estadio Municipal Bicentenario de Pueblo Nuevo;Temuco;
Complejo Deportivo Rosen;Temuco;
Estadio Parque Isla Cautin;Temuco;
Estadio Municipal de Fresia;Fresia;
Estadio Municipal de Gorbea;Gorbea;
Estadio Santa Guadalupe;Lautaro;
Estadio Municipal Coyam;Lonquimay;
Estadio Panguesillo;Salamanca ;
Estadio Municipal de Pica;Pica;
Estadio Municipal de Nancagua;Nancagua;
Estadio Caupolican de Huelquen;Paine ;
Estadio Ferroviario de Paine;Paine;
Estadio Las Delicias de Viluco;Buin ;
Estadio Colonia Kennedy;Paine ;
Estadio Hospital de Pitrufquen;Pitrufquen;
Complejo Deportivo Universidad de Tarapaca;Arica;
Estadio Victor Chavez Alcayaga;Arica;
Estadio Cerro La Cruz;Arica;
Estadio Asociacion Andina de Futbol;Arica;
Estadio Rafael Rivas;Santiago ;
Estadio Santa Rosa de Chena;Santiago ;
Estadio Thomas Bata;Penaflor;
Estadio Union San Jose;Penaflor;
Estadio Fiscal Bonifacio Reyes;El Monte;
Estadio Alto Jahuel Unido;Buin ;
Estadio Maipo;Buin ;
Estadio Municipal Patricia;Santiago ;
Estadio Santa Emilia;Maria Pinto ;
Estadio Las Taguas;Curacavi ;
Estadio Esmeralda;Colina;
Estadio Parque Mahuidahue;Santiago ;
Estadio Municipal de Quirihue;Quirihue;
Estadio Municipal de Navidad;Navidad;
Estadio Municipal de Quilleco;Quilleco;
Estadio Marista de Villa Alemana;Villa Alemana;
Estadio Municipal Lomas de Chorrillos;Vina del Mar;
Estadio La Bombonera de Bollenar;Melipilla ;
Estadio San Bernardo de Mallarauco;Melipilla ;
Estadio Municipal Julio Ruiz Palma;Portezuelo;
Estadio ANFA Villa Alemana;Villa Alemana;
Complejo Deportivo Banco Santander;Santiago ;
Complejo Deportivo Codelco;Santiago ;
Estadio 21 de Mayo;Talca;
Estadio Jose Foncea Aedo;Talca;
Estadio Santa Ana FC;Talca;
Estadio Robert Kennedy;Santiago ;
Estadio Lo Prado;Santiago ;
Estadio Lo Valledor Norte;Santiago ;
Campo Deportivo Liga Norte de Futbol;Lampa ;
Estadio Escuela Hogar;Curico;
Estadio Municipal de Tirua;Tirua;
Estadio Juventud Torino;Rinconada de Los Andes;
Estadio Carlos Gonzalez Olivares;Los Vilos ;
Estadio Liceo San Jose de Requinoa;Requinoa;
Complejo Deportivo ANFA Valdivia;Valdivia;
Estadio Municipal de Queilen;Queilen;
Estadio La Caleta;Taltal;
Estadio Municipal de Seron;Rio Hurtado ;
Cancha N°2 Estadio Municipal de Mejillones;Mejillones;
Estadio Municipal de Curarrehue;Curarrehue;
Estadio Municipal de Loncoche;Loncoche;
Estadio Municipal de Los Lirios;Requinoa ;
Estadio Marista de Quillota Instituto Rafael Ariztia;Quillota;
Estadio Atletico Carlos Valentin Garcia;Osorno;
Estadio Chacabuco de El Carmen;El Carmen;
Estadio Jorquera;Salamanca ;
Estadio Cuncumen;Salamanca ;
Estadio Municipal de San Pablo;San Pablo;
Estadio Municipal de Ollague;Ollague;
Estadio Astaburuaga;Talca;
Estadio Municipal de Retiro;Retiro;
Complejo Deportivo Alejandro Soria Varas;Iquique;
Complejo Deportivo Escolar Corvallis;Antofagasta;
Estadio Municipal de Romeral;Romeral;
Estadio Municipal de Vichuquen;Vichuquen;
Cancha Alto del Carmen;Alto del Carmen;
Complejo Deportivo Santa Elvira;Santiago ;
Estadio Municipal de Trovolhue;Carahue ;
Estadio Municipal de Colchane;Colchane;
Estadio Club Deportivo Pencahue;Pencahue;
Estadio Sargento Aldea;Santiago ;
Estadio Francisco Bermudez;Punta Arenas;
Estadio Lourdes;Rancagua;
Cancha N°2 Estadio Monumental;Santiago ;
Estadio Municipal de Conchali;Santiago ;
Estadio Municipal de Cerro Navia;Santiago ;
Estadio Municipal de Frutillar;Frutillar;
Complejo Deportivo Sergio Sandoval Parada;Coronel;
Complejo Deportivo de Rugby UC;Santiago ;
Estadio Municipal Complejo Nororiente;Rancagua;
Cancha N°2 Estadio Municipal Lucas Pacheco;Talagante;
Estadio Anglo American;Nogales;
Estadio Municipal de Villa Tijeral;Renaico ;
Estadio Municipal de Lumaco;Lumaco;
Estadio Municipal de Capitan Pastene;Lumaco ;
Estadio Municipal de Pozo Almonte;Pozo Almonte;
Estadio Municipal Benito Juarez;Santiago ;
Estadio AFAO Media Hacienda;Ovalle;
Complejo Deportivo Juan Soldado;La Serena ;
Cancha Parque Espejo del Sol;La Serena ;
Estadio Escuela Naval Arturo Prat;Valparaiso;
Estadio Lo Gallardo;San Antonio ;
Complejo Deportivo Torino;San Antonio ;
Estadio El Pinar;Santiago ;
Estadio Municipal de Cherquenco;Vilcun ;
Complejo Deportivo Esteban Alvarado;Arica;
Estadio Marista;Santiago ;
Estadio Clara Estrella;Santiago ;
Estadio Complejo Deportivo Carlos Abarca Gonzalez;Santiago ;
Estadio Los Jardines;Santiago ;
Estadio Marruecos;Santiago ;
Cancha Los Cerezos;Calera de Tango;
Estadio Valdivia de Paine;Buin ;
Estadio Huracan de Maipo;Buin ;
Estadio CSD Comercio de Buin;Buin;
Estadio Linderos;Buin ;
Estadio Jose Arrieta;Santiago ;
Estadio Municipal de Pichidegua;Pichidegua;
Complejo Deportivo Estrella Manuel Rodriguez;Santiago ;
Estadio Union Miraflores;Curacavi ;
Estadio Atlanta de Curacavi;Curacavi;
Estadio Union Chilena;Curacavi ;
Estadio Municipal de Putu;Constitucion ;
Estadio Campo de Deportes Club Gimnastico Aleman;Llanquihue;
Estadio Alvaro Salvadores Arias;Lanco;
Estadio Municipal de Antuco;Antuco;
Complejo Deportivo Municipal Forestal “Johnatan Araya Olivares”;Vina del Mar;
Estadio Atletico Instituto Aleman Osorno;Osorno;
Estadio Municipal de Las Cruces;El Tabo ;
Complejo Deportivo Orompello;Los Angeles;
Estadio Bella Esperanza;Melipilla;
Estadio El Belloto;Quilpue;
Estadio Municipal Oriente;Talca;
Estadio Costanera;Talca;
Estadio Universidad de Talca;Talca;
Estadio Colegio San Pedro Nolasco;Santiago ;
Estadio Santa Filomena;Santa Maria ;
Estadio Audino Ortiz;Petorca ;
Estadio El Bajo;Petorca ;
Estadio La Nipa;Petorca ;
Estadio Paula Jaraquemada;Paine;
Centro Deportivo Bavaria;Paine;
Estadio CDS Algarrobo;Paine ;
Estadio Santa Marta de Champa;Paine ;
Estadio Pedro Jose Cuevas;Paine ;
Estadio Alberto Letelier Llona;Paine ;
Estadio La Huachera;Paine ;
Complejo Deportivo Atenas;Coquimbo;
Estadio Municipal de Hualpin;Teodoro Schmidt ;
Campo Deportivo Colegio Lincoln International Academy;Colina ;
Estadio Mirador Viejo;Santiago ;
Estadio Vicente Potrerillos Salinas;Santiago ;
Canchas de Lo Martinez;Santiago ;
Complejo Deportivo Fundicion Paipote;Copiapo ;
Estadio OHiggins de Pueblo de Indios;San Vicente de Tagua Tagua ;
Complejo Deportivo Marcelo Vasquez;Antofagasta;
Campo Deportivo Instituto Obispo Silva Lezaeta;Calama;
Estadio Municipal de Baquedano;Sierra Gorda ;
Estadio Pedro Cataldo;Panquehue ;
Estadio La Vina;Cabildo ;
Complejo Deportivo Bello Horizonte;Puchuncavi ;
Estadio La Chocota;Puchuncavi ;
Campo Deportivo Instituto Santa Maria;Limache;
Estadio Sotaqui;Ovalle ;
Campo Deportivo San Alfonso;Los Vilos ;
Estadio Jedimar;Mostazal ;
Estadio Mariano Polanco;Pichilemu;
Estadio Municipal de Tinguiririca;Chimbarongo ;
Estadio Deportivo Chile;Chimbarongo;
Estadio Club Deportivo Nuevo Horizonte;Chimbarongo;
Estadio Espanol de Linares;Linares;
Estadio Atletico Universidad del Bio-Bio;Chillan;
Complejo Deportivo Cuatro Ases;San Carlos ;
Cancha N°2 Estadio Municipal de Yungay;Yungay;
Cancha del Cura;Penco ;
Estadio Forestal;Nacimiento;
Campo Deportivo Windsor School;Valdivia;
Estadio Municipal de Purranque;Purranque;
Estadio Parque Municipal de Castro;Castro;
Estadio Municipal de Coyhaique;Coyhaique;
Estadio Municipal de Quemchi;Quemchi;
Estadio Municipal de Camina;Camina;
Complejo Deportivo Moquella;Camina ;
Estadio El Blanquillo;Zapallar ;
Estadio Municipal de Tierras Blancas;Coquimbo ;
Estadio Municipal de San Ignacio;San Ignacio;
Cancha Conay;Alto del Carmen ;
Estadio Las Brisas;Santiago ;
Estadio Municipal de San Jose de la Mariquina;Mariquina;
Estadio Municipal de Lago Ranco;Lago Ranco;
Estadio Municipal de Lastarria;Gorbea ;
Complejo Deportivo Minera Escondida;Antofagasta;
Estadio Fiscal de Cobquecura;Cobquecura;
Estadio Florida Loma Blanca;Santiago ;
Estadio SILA;Los Andes;
Estadio Colegio Sagrados Corazones de Manquehue;Santiago ;
Estadio Union Central Tranquilla;Salamanca ;
Cancha Jorge Toro;Villa Alemana;
Complejo Deportivo Asociacion de Futbol Rio Elqui;La Serena;
Estadio Canahual Llimpo;Salamanca ;
Estadio Regional de Coyhaique;Coyhaique;
Estadio Atletico Regional de Coyhaique;Coyhaique;
Estadio Municipal de Putre;Putre;
Estadio Municipal Manuel Bustos Guzman;Machali ;
Estadio Municipal de Toconao;San Pedro de Atacama ;
Estadio Municipal de Quilaco;Quilaco;
Estadio Municipal Rogelio Ramirez Ogaz;Malloa;
Estadio Luis Jelves Farias;Papudo;
Estadio Municipal El Abra;Requinoa;
Estadio Tricolor de Puerto Montt;Puerto Montt;
Estadio Municipal San Agustin de Lemuy;Puqueldon ;
Estadio Municipal de Freirina;Freirina;
Estadio Camilo Olavarria;Coronel;
Estadio CD Chillepin;Salamanca ;
Estadio Santa Teresa;Los Vilos ;
Campo Deportivo Colegio San Pedro Valle Grande;Lampa ;
Estadio Davila;Santiago ;
Cancha N° 2 Segundo Chirimino Mamani;Arica;
Monasterio Celeste;Requinoa;
Complejo Deportivo Ciudad de Campeones;Santiago ;
Club de Campo Cobreloa;Calama;
Estadio Municipal Alejandro Barrientos Barria;Porvenir;
Estadio Municipal de Contulmo;Contulmo;
Estadio Municipal de Puaucho;San Juan de la Costa ;
Estadio Municipal de La Reina;Santiago ;
Estadio Villa Rios;Santiago ;
Estadio Municipal de Alhue;Alhue;
Estadio Juventud Los Perales;Villa Alhue;
Estadio Municipal de Renaico;Renaico;
Estadio Tegualda;Temuco;
Cancha Microbuseros;Temuco ;
Estadio Municipal de Ercilla;Ercilla;
Estadio Pillanlelbun;Lautaro ;
Parque Los Pinares;Antofagasta;
Complejo Deportivo 23 de Marzo;Calama;
Estadio Independencia;Calama;
Estadio Municipal de Los Loros;Tierra Amarilla ;
Complejo Deportivo Tabaqueros;Rio Hurtado) ;
Estadio Municipal Botafogo;Vina del Mar;
Campo Deportivo Colegio de los Sagrados Corazones Padres Franceses;Vina del Mar;
Estadio Estrella de Nazareth;Penaflor;
Campo Deportivo Pablo Vargas;El Monte;
Estadio Colegio del Verbo Divino;Santiago ;
Estadio Nuevo Amanecer;Santiago ;
Estadio San Luis de Campolindo;Curacavi;
Estadio Tomas Castillo;Diego de Almagro;
Complejo Deportivo Pisco Elqui;Paihuano ;
Estadio Santa Filomena;Colina;
Campo Deportivo Colegio Dunalastair Chicureo;Colina ;
Campo Deportivo Colegio San Jose de Chicureo;Colina ;
Complejo Deportivo COF ;Colina;
Estadio Union Retiro;Hijuelas;
Estadio Municipal de Puqueldon;Puqueldon;
Auditorio Alfredo Guillermo Bravo;Valparaiso;
Estadio Municipal de Tucapel;Tucapel;
Estadio El Bajo;Melipilla;
Estadio Santa Rosa de Chocalan;Melipilla ;
Estadio Lidia Matte;Melipilla ;
Estadio Pedro Marin Fernandez;Melipilla ;
Estadio Union Balmaceda;Melipilla;
Estadio Union San Ignacio;Calera de Tango;
Cancha Santa Ana;Santiago ;
Estadio Lo Velasquez;Santiago ;
Estadio 21 de Mayo;Curico;
Estadio Vicente Acuna Parra;Talca;
Estadio Aurora de Chile;Talca;
Estadio Manuel Ahumada Cirano;Talca;
Complejo Deportivo Flor del Llano;San Clemente;
The Craighouse School Sport Campus;Santiago, ;
Estadio Municipal de Crucero;Rio Bueno, ;
Complejo Deportivo Santa Catalina;Santiago, ;
Estadio Villaseca;Buin;
Cancha El Cerrillo;Buin ;
Estadio Santa Loreto;Buin ;
Estadio Club Deportivo Real Madrid de Paine;Paine;
Estadio Emilio Nunez;Paine ;
Estadio Chada;Paine ;
Campo Deportivo Juventud Ovalle;San Francisco de Mostazal;
Cancha Chica Olivar Alto;Olivar ;
Estadio La Higuera;Santa Maria ;
Cancha N° 3 Estadio Municipal de San Bernardo;Santiago ;
Cancha El Faro;Santiago ;
Complejo Deportivo Liga Nunoa;Santiago ;
Complejo Deportivo Liga San Jose - Liga Lipangue;Lampa ;
Campo Deportivo Campus Antumapu;Santiago ;
Complejo Deportivo Liga Amigos del Futbol;Santiago ;
Complejo Deportivo Huechuraba;Santiago ;
Complejo Deportivo Rinconada;Santiago ;
Complejo Deportivo Liga Unida de Futbol;Santiago ;
Complejo Deportivo Liga La Reina;Santiago ;
Club El Valle Ciudad Empresarial;Santiago ;
Estadio Pedro Valenzuela;Cabildo ;
Estadio Ferro Minas Lambert;La Serena ;
Complejo Deportivo CORDEP El Paraiso;La Serena;
Cancha Limari;Ovalle ;
Estadio Nueva Aurora;Ovalle ;
Estadio Gregorio Estay;Puchuncavi ;
Complejo Deportivo Minera Florida;Alhue ;
Estadio Cincuentenario;Coihueco;
Estadio Maitenco;Treguaco ;
Estadio Grado Vocacional;Yungay;
Estadio El Morro de Campanario;Yungay ;
Complejo Deportivo Las Salinas;Talcahuano;
Cancha La Bombonera;Concepcion;
Estadio Independiente de Paillihue;Los Angeles ;
Estadio Municipal de Estacion Yumbel;Yumbel ;
Cancha Coinac;Nacimiento;
Campo Deportivo Avenida Estacion;Nacimiento;
Estadio Villa Esperanza;Mulchen;
Estadio Huequen;Angol ;
Estadio Teja Independiente;Valdivia;
Cancha Parque Saval;Valdivia;
Estadio Pablo Mesas;Valdivia;
Canchas Parque Urbano Catrico;Valdivia;
Cancha Municipal Trebol Sur;Valdivia;
Cancha Club Deportivo Naval Calle Calle;Valdivia;
Estadio Club Deportivo Estrella;Frutillar;
Estadio Municipal Luis Sanchez;Puerto Williams;
Estadio Municipal de Niebla;Valdivia;
Estadio Municipal de Puerto Chacabuco;Aysen;
Estadio San Gregorio;Santiago ;
Estadio Municipal de San Fabian de Alico;San Fabian de Alico;
Estadio Municipal de Quidico;Tirua ;
Estadio Municipal de Pencahue;Pencahue;
Estadio Municipal de La Higuera;La Higuera;
Estadio Municipal de Pichasca;Rio Hurtado ;
Estadio Municipal de Licanten;Licanten;
Auditorio Municipal Benito Parraguez;Valparaiso;
Estadio 18 de Septiembre;Talca;
Complejo Deportivo Belgrano;Talca;
Estadio San Ramon de Graneros;Graneros;
Cancha Estrella del Oriente;Paihuano ;
Estadio Municipal Guillermo Castillo Alaniz;Maule;
Estadio Municipal Las Salinas;Gorbea;
Estadio Municipal de Villa Los Boldos;Tolten ;
Estadio Municipal de Ranquil;Nipas;
Estadio Municipal de La Estrella;La Estrella;
Estadio Municipal de La Tirana;Pozo Almonte ;
Estadio Municipal Guillermo Barrios Vargas;Curepto;
Complejo Deportivo Municipal El Maiten;Vina del Mar;
Estadio Municipal de San Rosendo;San Rosendo;
Estadio La Florida;Talca;
Estadio Numpay;Maule ;
Estadio Municipal de Reumen;Paillaco ;
Estadio Chacao;Ancud ;
Campo Deportivo Colegio Fernando de Aragon Puente Alto;Santiago ;
Las Siete Canchas de Renca;Santiago ;
Estadio Deportivo Catolica;Rinconada de Los Andes;
Estadio Municipal Arturo Allanao;Puerto Cisnes;
Estadio Arturo Rojas Paredes;Santiago ;
Estadio La Chuchoca;Melinka;
Estadio Municipal Sergio ‘Cholo’ Barrios;Licanten ;
Estadio Michaihue;Concepcion ;
Estadio Municipal de Futaleufu;Futaleufu;
Estadio Lo Hermida;Santiago ;
Estadio Municipal de Pahuil;Chanco ;
Estadio Municipal de Villa Manihuales;Aysen ;
Estadio Domeyko;Vallenar ;
Estadio Ciruelos;Mariquina ;
Estadio Los Jardines;Santiago ;
Estadio Union Palestino;Canete;
Estadio Viejos Cracks;Puerto Montt;
Centro Deportivo Conchali;Santiago ;
Estadio Los Maitenes;San Jose de Maipo ;
Campo Deportivo San Alfonso;San Jose de Maipo ;
Estadio Huertos Familiares;Til Til ;
Estadio Ferroviario Polpaico;Til Til ;
Estadio Rungue;Til Til ;
Estadio Montenegro;Til Til ;
Estadio Mayor;Santiago ;
Estadio Campo Militar Penalolen;Santiago ;
Club de Campo Entel;Santiago ;
Campo Deportivo Facultad de Economia y Empresa UDP;Santiago, ;
Estadio San Ignacio;Santiago ;
Estadio Espanol de Las Condes;Santiago ;
Club Palestino;Santiago ;
Estadio Colegio Aleman de Santiago;Santiago ;
Estadio Colegio Wenlock School;Santiago ;
Sport Campus Nido de Aguilas;Santiago ;
Campo Deportivo Colegio Santiago College;Santiago ;
Club Medico;Santiago ;
Estadio Sebastian Gaete;Arauco;
Estadio Municipal de Ramadillas;Arauco ;
Estadio Nonguen;Concepcion ;
Campo Deportivo Bellavista;Concepcion;
Cancha Lan B;Concepcion ;
Estadio Municipal de Chaiten;Chaiten;
Estadio Municipal de Guanaqueros;Coquimbo ;
Estadio Cendyr Manutara;Santiago ;
Estadio Polideportivo Enrique Soro;Santiago ;
Estadio Enel;Santiago ;
Complejo Deportivo Costanera Norte;Antofagasta;
Cancha Villa Ascotan;Calama;
Cancha Roja;Calama;
Campo Deportivo Colegio Chuquicamata;Calama;
Estadio America de El Monte;El Monte;
Cancha Deportivo Caupolican;El Monte;
Estadio Municipal de Ninhue;Ninhue;
Cancha Esmeralda;Calama;
Estadio Banco de Chile;Santiago ;
Complejo Deportivo Talinay;Santiago ;
Estadio Academia Politecnica Naval;Vina del Mar;
Complejo Deportivo La Higuera;Ovalle;
Complejo Deportivo La Chimba;Ovalle ;
Campo Deportivo Union Campesina;Ovalle ;
Complejo Deportivo Profesores;Ovalle;
Campo Deportivo Parque Gabriel Coll;La Serena;
Complejo Deportivo Don Florito;Coquimbo ;
Cancha Liga Amateur Rio Huatulame;Monte Patria ;
Complejo Deportivo Bajos de Matte;Buin;
Estadio Santa Rita;Buin ;
Cancha Cruz del Sur;Buin ;
Estadio Estrella de Huelquen;Paine ;
Estadio San Javier del Transito;Paine ;
Estadio Club Deportivo Aculeo;Paine ;
Cancha Aguila Sur;Paine ;
Cancha Aguila Norte;Paine ;
Cancha Santa Eugenia;Paine;
Estadio Santa Teresa de Huelquen;Paine ;
Cancha La Victoria;Paine ;
Cancha Santa Teresa de Escorial;Paine ;
Estadio Renacer de Lo Herrera;San Bernardo ;
Estadio San Jorge de Los Morros;Santiago ;
Estadio San Adolfo;Santiago ;
Cancha Santa Filomena de Nos;Santiago ;
Estadio Esteban Bustos Munoz;Santiago ;
Cancha Santa Marta;Santiago ;
Estadio Lautaro de La Laguna;Zapallar ;
Cancha Club Deportivo Loncura;Quintero ;
Estadio Club Deportivo Jocelyn;La Cruz ;
Estadio Juan Stambuk;Olmue;
Cancha Quebrada de Alvarado;Olmue;
Cancha Club Deportivo Granizo;Olmue;
Estadio Limachito;Limache;
Cancha Los Leones;Limache;
Estadio El Bajio;Quillota;
Estadio Rural Daniel Duran;Quillota;
Estadio Agroil de Boco;Quillota ;
Campo Deportivo 20 de Septiembre;Quillota ;
Campo Deportivo Colegio Diego Echeverria;Quillota;
Estadio Jose Munoz;Casablanca ;
Estadio Santa Barbara;Casablanca;
Estadio Lagunillas;Casablanca ;
Estadio Francisco Bulnes;Panquehue ;
Cancha Mirador;Panquehue;
Estadio Fundicion Chagres;Catemu;
Cancha Juventud Santa Rosa;Catemu;
Cancha Monte Grande;Cabildo;
Estadio Union El Valle;Petorca ;
Estadio Sol Naciente;Petorca ;
Estadio Union Serrano;La Ligua;
Estadio Club Deportivo Flecha;La Ligua;
Campo Deportivo La Higuera;La Ligua ;
Estadio Brusan;La Ligua ;
Cancha Santa Clara;San Esteban ;
Cancha El Cobre;San Esteban;
Cancha Independiente San Esteban;San Esteban;
Cancha Los Chacayes;San Esteban ;
Cancha Club Deportivo Horcon;Puchuncavi ;
Estadio Rinconada de Alcones;Marchigue ;
Estadio Santa Elena de Codao;Peumo ;
Estadio Honorino Landa;Santiago ;
Estadio Presidente Kennedy;Santiago ;
Estadio Zambrano;Santiago ;
Estadio Villa Ecuador;Santiago ;
Campo Deportivo Instituto La Salle;Santiago ;
Estadio Club Deportivo Colonia;Santiago ;
Estadio Escolar Municipal de Penaflor;Penaflor;
Estadio CSD Penaflor;Penaflor;
Cancha Union Escudo;Penaflor;
Canchas Liga San Javier;Penaflor ;
Cancha Santa Sofia;Calera de Tango;
Estadio Julio Covarrubias;Santiago ;
Campo Deportivo Ricardo Claro Valdes;Santiago ;
Cancha N°3 Estadio Municipal Lucas Pacheco Toro;Talagante;
Cancha Nueva Imperial;Talagante;
Cancha Club Deportivo Talagante;Talagante;
Cancha Domingo Toro Herrera;Talagante;
Estadio El Roto Chileno;Talagante ;
Cancha Santa Gabriela;Talagante ;
Estadio CD Brisas del Maipo;Isla de Maipo ;
Cancha Gabriela Mistral;Isla de Maipo ;
Cancha Estrella de San Luis;Isla de Maipo;
Cancha Club Deportivo Gacitua;Isla de Maipo;
Cancha Nacional Miraflores;Isla de Maipo ;
Cancha Vicente Salinas;Isla de Maipo ;
Cancha Las Mercedes;Isla de Maipo ;
Cancha San Vicente de Naltagua;Isla de Maipo ;
Cancha Bandera de Chile;Isla de Maipo ;
Estadio Las Mercedes;Maria Pinto ;
Estadio Vista Hermosa;Maria Pinto ;
Estadio Rosa Elvira Matte;Maria Pinto ;
Estadio Rio de la Plata;Curacavi;
Estadio Ramon Noguera;Melipilla ;
Cancha Union Esmeralda;Melipilla ;
Estadio Carmen Bajo;Melipilla ;
Estadio San Alfonso de Codigua;Melipilla ;
Cancha La Cabana;Melipilla ;
Cancha Estrella de Culipran;Melipilla ;
Cancha Union Culipran;Melipilla ;
Cancha Arturo Prat de Loica;San Pedro ;
Cancha La Manga;San Pedro ;
Cancha Montealegre de Corneche;San Pedro ;
Campo Deportivo Sergio Parra;Lampa ;
Estadio Ferro Lampa;Lampa ;
Cancha La Vilana;Lampa ;
Estadio Club Deportivo Lo Castro;Lampa ;
Estadio Club Deportivo Alianza de Santo Domingo;Santo Domingo;
Estadio Municipal de Paihuano;Paihuano;
Campo Deportivo Nueva Talcuna;Vicuna ;
Cancha La Pampilla de San Isidro;Vicuna ;
Cancha Joaquin Vicuna;Vicuna;
Estadio Los Pimientos;Vicuna ;
Estadio El Tambo;Salamanca ;
Cancha Quelen Bajo;Salamanca ;
Estadio Quilimari;Los Vilos ;
Estadio Santa Monica de Litueche;Litueche;
Estadio La Boca;Navidad ;
Estadio Municipal de Pichirropulli;Paillaco ;
Estadio Santa Filomena;Paillaco ;
Campo Deportivo Colegio San Lorenzo;Copiapo;
Estadio Inca de Oro;Diego de Almagro ;
Cancha Samo Alto;Rio Hurtado ;
Complejo Deportivo Municipal Santa Julia;Vina del Mar;
Cancha Villa Dulce;Vina del Mar;
Estadio Municipal El Salto;Vina del Mar;
Campo Deportivo Colegio Albamar Concon;Concon;
Campo Deportivo Colegio Aconcagua;Quilpue;
Cancha Atletico Baquedano;Villa Alemana;
Estadio Municipal de Cochamo;Cochamo;
Estadio Marista de Curico;Curico;
Cancha Estrella de Maipu Sur;Santiago ;
Cancha 4 Alamos;Santiago ;
Cancha El Maiten;Maipu ;
Complejo Deportivo Bajos de Mena;Santiago ;
Estadio San Geronimo;Santiago ;
Estadio Villa Padre Hurtado;Santiago ;
Complejo Deportivo Nocedal;Santiago ;
Complejo Deportivo San Guillermo;Santiago ;
Estadio Poblacion Maipo;Santiago ;
Estadio Aurora de Chile;Santiago ;
Cancha Club Deportivo Baquedano;Pirque ;
Cancha El Huingan;Pirque;
Cancha San Vicente;Pirque;
Campo Deportivo Colegio Almenar de Pirque;Pirque;
Campo Deportivo Santa Luisa de Pirque;Pirque ;
Cancha Las Vertientes;San Jose de Maipo ;
Cancha El Manzano;San Jose de Maipo ;
Cancha Alfredo Rioseco;San Jose de Maipo;
Cancha El Melocoton;San Jose de Maipo ;
Cancha Los Copihues;Talca;
Estadio Club Deportivo Colbun;Maule ;
Estadio Club Deportivo Independiente de Almendral;San Felipe;
Estadio Ejercito Libertador;San Felipe ;
Estadio Atletico Lautaro El Tambo;San Felipe ;
Estadio Club Deportivo Villa Alhue;Alhue;
Cancha Barrancas de Pichi;Alhue ;
Complejo Deportivo Parque Brasil;Santiago ;
Estadio Liga La Bandera;Santiago ;
Estadio Villa Sur;Santiago ;
Estadio San Joaquin Poniente;Santiago ;
Estadio Carlos Carter N.;Santiago ;
Campo Deportivo Colegio Santa Cruz de Chicureo;Colina ;
Campo Deportivo Colegio Kimen Montessori;Colina ;
Campo Deportivo Colegio del Verbo Divino Chicureo;Colina ;
Campo Deportivo Colegio San Anselmo;Colina ;
Campo Deportivo AZA;Colina;
Cancha Juventud San Martin;Colina ;
Cancha Santa Marta;Colina ;
Cancha Independiente de Liray;Colina ;
Cancha Union Lo Pinto;Colina ;
Campo Deportivo Escuela de Suboficiales de Carabineros Fabriciano Gonzalez Urzua;Santiago ;
Estadio Esfocar;Santiago ;
Estadio Real Capricornio;Graneros;
Campo Deportivo Karina Carrasco Lobos;Graneros;
Cancha El Molino;Graneros ;
Campo Deportivo Santa Maria del Arrozal;Graneros ;
Estadio Nuevos Campos;Graneros ;
Campo Deportivo Las Higueras;Graneros ;
Estadio La Morera;Codegua ;
Cancha N° 3 Juan Reyes Carrasco;Rancagua;
Campo Deportivo Nacional de Rosario;Rengo ;
Estadio Marista de San Fernando;San Fernando;
Estadio Estrella Azul;Vichuquen ;
Estadio Mininco;Collipulli ;
Estadio Turingia;Temuco;
Estadio Ribera Venecia;Temuco;
Complejo Deportivo UFRO;Temuco;
Campus Deportivo UCT;Temuco;
Estadio Parque Thiers;Nueva Imperial;
Cancha El Roble;Llay Llay ;
Estadio Polideportivo Codelco Division Andina;Los Andes;
Cancha CSD Condoroma;Los Andes ;
Complejo Deportivo Diamante;Rinconada de Los Andes;
Estadio Union San Pedro;Rinconada de Los Andes;
Estadio Casuto;Rinconada de Los Andes ;
Estadio Juvenil Bangu;Rinconada de Los Andes;
Cancha Atletico Cultural Balmaceda;San Antonio;
Estadio Coresa San Juan;San Antonio ;
Complejo Deportivo La Capilla;Calle Larga;
Estadio Andres Montenegro;Calle Larga ;
Estadio CD Union Santa Amelia;Mostazal ;
Campo Deportivo Union Arrayan;Mostazal ;
Campo Deportivo Nacional Candelaria;Mostazal ;
Cancha El Rincon;Mostazal ;
Campo Deportivo Juventud;Olivar ;
Estadio FC Carrizal;Quinta de Tilcoco ;
Estadio Las Cruces;San Vicente de Tagua Tagua;
Cancha San Luis;Chimbarongo;
Campo Deportivo Las Mariposas;Chimbarongo ;
Campo Deportivo Las Palmeras;Chimbarongo ;
Cancha Tres Puentes;Chimbarongo ;
Campo Deportivo El Carrizal;Chimbarongo ;
Campo Deportivo Santa Isabel;Chimbarongo ;
Campo Deportivo Quicharco;Chimbarongo ;
Cancha El Rincon;Chimbarongo ;
Campo Deportivo La Chipana;Chimbarongo ;
Estadio Los Volcanes;Chillan;
Estadio Luis Cruz Martinez;Chillan;
Estadio Ultraestacion;Chillan;
Campo Deportivo Colegio Aleman de Chillan;Chillan;
Complejo Deportivo Tiempo Libre;Chillan;
Cancha N°2 Complejo Deportivo Quilamapu;Chillan;
Cancha Buenos Amigos;Chillan;
Cancha Sarita Gajardo;Chillan;
Cancha Estrella Azul de Quinquehua;Chillan ;
Cancha Union Victoria;Chillan ;
Estadio Esperanza de Cato;Chillan ;
Estadio Rucapequen;Chillan Viejo ;
Cancha Lajuelas;San Nicolas ;
Cancha Los Sauces;San Nicolas ;
Cancha Puente Nuble;San Nicolas ;
Cancha Ismael Martin;San Nicolas ;
Cancha El Manzano;San Nicolas ;
Cancha Dadinco;San Nicolas ;
Cancha Los Aromos;San Nicolas ;
Estadio Municipal N°2 de San Carlos;San Carlos;
Cancha Ricardo Mendez;San Carlos;
Cancha 11 de Septiembre;San Carlos;
Estadio Octavio Maldonado;Niquen ;
Estadio Lautaro de Coihueco;Coihueco;
Cancha Arturo Prat de Coihueco;Coihueco;
Estadio Nahueltoro;Coihueco ;
Estadio El Carmen de Cato;Coihueco ;
Cancha Union Zanartu;Coihueco ;
Estadio Diamantes de Miraflores;Coihueco ;
Estadio Deportivo Bustamante;Coihueco ;
Estadio La Vinita;Coihueco ;
Cancha Halcones Rojos de Talquipen;Coihueco ;
Cancha Luis Cruz Martinez de Robleria;Coihueco ;
Estadio Buchupureo;Cobquecura ;
Cancha Poblacion Unida;Quirihue;
Estadio Nueva Aldea;Ranquil ;
Estadio Renacer;San Ignacio;
Estadio Municipal de Pueblo Seco;San Ignacio ;
Estadio Municipal de Quiriquina;San Ignacio ;
Cancha Las Quilas;San Ignacio ;
Cancha Yanine;Bulnes;
Estadio Cholguan;Yungay ;
Complejo Deportivo Dichato;Tome ;
Cancha Los Tilos;Tome;
Estadio San Vicente;Talcahuano;
Campo Deportivo Fuerte Borgono;Talcahuano;
Cancha Talcamavida;Hualqui ;
Cancha Unihue;Hualqui ;
Estadio Marcial Munoz Barrenechea;Lota;
Estadio Villa Todos Los Santos;Los Angeles;
Estadio Vicuna Mackenna;Los Angeles;
Canchas Monte Cea;Los Angeles;
Estadio Virquenco;Los Angeles ;
Estadio Club Deportivo Diego Portales;Yumbel;
Campo Deportivo Estrella de Chile;Yumbel;
Estadio Rio Claro;Yumbel ;
Cancha Samuel Orellana;Nacimiento;
Cancha Jorge Montt;Nacimiento;
Cancha San Gabriel de Rihue;Negrete ;
Complejo Deportivo Mulchen;Mulchen;
Cancha Villa Las Flores;Quilleco );
Cancha OHiggins de Las Canteras;Quilleco ;
Estadio Municipal de Tolten;Tolten;
Estadio Queule;Tolten ;
Estadio Municipal de Cholchol;Cholchol;
Estadio Juan Alberto Reina;Cholchol;
Estadio Municipal General Lopez;Vilcun ;
Estadio Municipal de Los Laureles;Cunco ;
Estadio Municipal de Quepe;Freire ;
Estadio Municipal de Radal;Freire ;
Estadio Municipal de Nancul;Villarrica ;
Estadio Municipal de Huiscapi;Loncoche ;
Estadio ANFA Futrono;Futrono;
Campo Deportivo Colegio Maria Deogracia;Futrono;
Estadio Universitario UACH;Valdivia;
Cancha Nelson Rios;Valdivia;
Complejo Deportivo Union Wanderers General Lagos;Valdivia;
Estadio Collico;Valdivia;
Estadio Heriberto Klocker;Purranque ;
Estadio Nueva Braunau;Puerto Varas ;
Estadio San Pedro de Carelmapu;Maullin ;
Estadio Rolecha;Hualaihue ;
Estadio Municipal de Sierra Gorda;Sierra Gorda;
Estadio Santa Maria;Alto Hospicio;
Estadio Municipal de Calbuco;Calbuco;
Complejo Deportivo Daniel Fernandez Rojas;Vallenar;
Campo Deportivo Colegio Cumbres;Santiago ;
Estadio Municipal de Chile Chico;Chile Chico;
Estadio Croata;Santiago ;
Estadio Municipal Luis Gomez Trivino;Cochrane;
Estadio Municipal de Villa OHiggins;Villa OHiggins;
Estadio Sausalito 2;Vina del Mar;
Complejo Deportivo 89;Vina del Mar;
Estadio Municipal de Bucalemu;Paredones ;
Cancha Universidad Catolica del Maule;Talca;
Campo Deportivo Marcos Trincado;Rengo;
Estadio Lago Rupanco;Osorno;
Estadio Kinross Gold Chile;Copiapo ;
Estadio Municipal El Pueblo;Monte Patria ;
Estadio Condor;Panguipulli;
Complejo Deportivo Malaquias Concha;Santiago ;
Estadio Medio Camino;Talcahuano;
Estadio Municipal de Palena;Palena;
Estadio Mutrun;Constitucion;
Cancha Corre y Vuela;Monte Patria ;
Estadio Hurtado;Rio Hurtado;
Cancha Las Curacas;Santiago ;
Estadio Municipal de Trupan;Tucapel ;
Estadio Municipal de Polcura;Tucapel ;
Complejo Deportivo Villa Ayquina;Calama;
Estadio Real Aeropuerto;Santiago ;
Estadio Liga OHiggins;Calama;
Estadio El Llano;Santiago ;
Centro Deportivo Azul;Santiago ;
Complejo Deportivo Juan Pinto Duran;Santiago ;
Complejo Deportivo M11;Temuco ;
Complejo Deportivo Union San Felipe;San Felipe;
Complejo Deportivo San Isidro;Quillota;
Centro Deportivo Everton;Vina del Mar;
Complejo Deportivo La Alpina;La Serena;
Complejo Deportivo Cesare Rossi Banchero;Iquique;
Complejo Deportivo Sopraval;La Calera;
Complejo Deportivo Mantagua;Quintero ;
Cancha N°2 Estadio Santa Laura;Santiago ;
Complejo Deportivo Magallanes;Santiago (Malloco, Penaflor);
Complejo Deportivo Deportes Melipilla;Melipilla ;
Cancha N°2 Estadio Roberto Bravo Santibanez;Melipilla;
Complejo Deportivo Raul Narvaez Gomez;Curico ;
Complejo Deportivo Fortaleza Rojinegra;Talca;
Complejo Deportivo Rangers Futbol Joven;Talca;
Complejo Deportivo Nublense;Coihueco ;
Campos Deportivos de Nonguen;Concepcion ;
Campo Deportivo Campanil UdeC;Concepcion;
Complejo Deportivo Santa Julia N°2;Santiago ;
Estadio Triangulo de Villa Francia;Santiago ;
Cancha Parque Bernardo Leighton;Santiago ;
Estadio Universidad de Atacama;Copiapo;
Campo Deportivo Scuola Italiana Giuseppe Verdi;Copiapo;
Cancha Parque El Pretil;Copiapo;
Complejo Deportivo ANFA Copiapo;Copiapo;
Complejo Deportivo Balmaceda;Copiapo;
Estadio Quinta Normal;Santiago ;
Campo Deportivo Colegio Hispano Americano;Santiago ;
Cancha Atacama;Santiago ;
Complejo Deportivo Cementerio General;Santiago ;
Cancha Padre Undurraga;Santiago ;
Cancha Nueva La Obra;Santiago ;
Canchas Parque Santa Monica;Santiago ;
Club Santa Rosa de Huechuraba;Santiago ;
Estadio Rosen Santiago;Santiago ;
Estadio Juanita Aguirre;Santiago ;
Cancha Cardenal Caro;Santiago ;
Cancha Santa Ines;Santiago ;
Estadio Penalolen;Santiago ;
Cancha Juvenil Catolico;Santiago ;
Campo Deportivo Colegio Pedro de Valdivia Penalolen;Santiago ;
Complejo Deportivo Villa Galvarino;Santiago ;
Estadio Municipal de La Junta;La Junta, Cisnes;
Estadio Municipal de Rio Ibanez;Puerto Ingeniero Ibanez;
Estadio Municipal Santa Julia;Vina del Mar;
Estadio Caupolican;Vina del Mar;
Cancha Tamarugal;Vina del Mar;
Complejo Deportivo Funcionarios Municipales;Vina del Mar;
Cancha Campus Rodelillo Universidad Vina del Mar;Vina del Mar;
Complejo Deportivo Municipal Miraflores;Vina del Mar;
Complejo Deportivo Colegio Capellan Pascal;Vina del Mar;
Pista Atletica de Vina del Mar;Vina del Mar;
Cancha Parroquial;Vina del Mar;
Cancha Villa Independencia;Vina del Mar;
Cancha Flecha Verde;Vina del Mar ;
Cancha Estrella de Renaca;Vina del Mar ;
Cancha Villa Linda Jose Domingo Rojas;Vina del Mar;
Cancha Villa Hermosa;Vina del Mar;
Complejo Deportivo Carlos Dittborn de Montedonico;Valparaiso;
Campo Deportivo Colegio Montemar;Concon;
Cancha El Carmen;Concon;
Cancha Santa Julia;Quintero ;
Estadio Correa Montt;Santiago ;
Estadio Liceo Salesiano Manuel Arriaran Barros;Santiago ;
Estadio Campo Deportivo Juan Gomez Millas;Santiago ;
Campus Joaquin Cabezas Garcia UMCE;Santiago ;
Campo Deportivo Colegio San Agustin;Santiago ;
Campo Deportivo Colegio Calasanz;Santiago ;
Complejo Deportivo Los Alerces;Santiago ;
Complejo Deportivo Jaime Eyzaguirre;Santiago ;
Campo Deportivo El Patrocinio de San Jose;Santiago ;
Campo Deportivo Colegio Tabancura;Santiago ;
Campo Deportivo Colegio The Newland School;Santiago ;
Estadio Colegio Monte Tabor y Nazaret;Santiago ;
Estadio Colegio Huinganal;Santiago ;
Campo Deportivo Instituto Hebreo;Santiago ;
Complejo Deportivo Liga Puente Nuevo;Santiago ;
Cancha Raul Labbe;Santiago ;
Club Deportivo Alumni;Santiago ;
Campo Deportivo Regimiento Buin;Santiago ;
Estadio Escuela de Suboficiales del Ejercito de Chile;Maipu ;
Estadio Santa Blanca;Curacavi ;
Estadio Lolenco;Curacavi ;
Estadio Colo Colo Curacavi;Curacavi;
Cancha Alianza 11;Curacavi;
Cancha Lo Prado;Curacavi ;
Cancha Santa Ines;Curacavi ;
Estadio Leonardo Gonzalez;Curacavi ;
Estadio Union Juventud Curacavi;Curacavi;
Cancha Estrella Solitaria de Casas Viejas;Santiago ;
Cancha Manuel Rodriguez;Santiago ;
Cancha Colonia El Peral;Santiago ;
Cancha Los Hornitos;Santiago ;
Cancha Villa Puente Alto;Santiago ;
Cancha Volcanita;Santiago ;
Complejo Deportivo MOP;Santiago ;
Cancha San Juan de Pirque;Pirque;
Cancha La Puntilla;Pirque;
Cancha Sigfriedo Bic;Pirque;
Cancha Club Deportivo Jose Miguel Carrera;Pirque ;
Campo Deportivo El Cruceral;Pirque;
Cancha Los Silos;Pirque;
Cancha El Llano;Pirque;
Cancha La Catolica;Pirque;
Canchas Centro de Eventos Ruca Mapu;Pirque;
Cancha San Rafael;Pirque;
Cancha Panzer RC;Pirque ;
Cancha Independiente San Gabriel;San Jose de Maipo ;
Cancha Centro Recreacional Guayacan;San Jose de Maipo ;
Estadio Los Bajos de San Agustin;Calera de Tango;
Cancha Santa Ines;Calera de Tango;
Cancha San Agustin;Calera de Tango;
Campo Deportivo Colegio La Mision;Calera de Tango;
Estadio Municipal de Hornopiren;Hualaihue ;
Estadio Municipal de Alto Biobio;Alto Biobio;
Estadio Municipal de Huara;Huara;
Cancha Tarapaca;Huara ;
Estadio Mamina;Pozo Almonte ;
Cancha Matilla;Pica ;
Estadio Municipal de Socaire;San Pedro de Atacama ;
Estadio Chiu Chiu;Calama ;
Estadio Municipal de Villa La Tapera;Lago Verde ;
Estadio Huyar Alto;Curaco de Velez ;
Estadio Los Palquis;Curaco de Velez ;
Estadio Municipal de Aquelarre;Vichuquen;
Estadio Pomaire;Melipilla ;
Complejo Deportivo Eduardo Morande Fernandez;Melipilla ;
Complejo Deportivo Santa Eliana del Carmen de Codigua;Melipilla ;
Estadio Pedro Araya;Melipilla ;
Estadio Union La Viluma;Melipilla ;
Estadio Union La Vega;Melipilla ;
Cancha San Eugenio de Cholqui;Melipilla ;
Cancha Sol de Calama;Melipilla;
Cancha Manantiales;Melipilla ;
Estadio San Luis de Las Rosas;Melipilla ;
Cancha Pumas FC;Melipilla ;
Cancha Colonias de Puangue;Melipilla ;
Estadio Libertad de Bollenar;Melipilla ;
Estadio Santa Clara de Mallarauco;Melipilla ;
Estadio San Ignacio de Mallarauco;Melipilla ;
Estadio Club Deportivo Bandera;Melipilla ;
Cancha Flor de Chile;Melipilla ;
Campo Deportivo Pedro Yanez;Melipilla ;
Cancha Nacional Mallarauco;Melipilla ;
Cancha Union Santa Teresa;Melipilla ;
Cancha La Carrera;Melipilla ;
Cancha Lumbrera de Puangue;Melipilla ;
Cancha Leopoldo Quintanilla;Melipilla;
Cancha Pudahuel;Melipilla;
Cancha Veteranos del 79;Melipilla;
Cancha Santa Filomena;Melipilla ;
Cancha El Arbolito;Melipilla ;
Cancha Sargento Candelaria;Melipilla ;
Cancha El Transito;Melipilla ;
Cancha El Cristo Pomaire;Melipilla ;
Cancha Chinigue Las Rosas;Melipilla ;
Cancha Chinigue Santa Victoria;Melipilla ;
Cancha Huechun Bajo;Melipilla ;
Complejo Polideportivo de Melipilla;Melipilla;
Campo Deportivo Colegio San Agustin;Melipilla;
Campo Deportivo Colegio Cristobal Colon;Melipilla;
Campo Deportivo Colegio Alonso de Ercilla;Melipilla;
Campo Deportivo Colegio Marambio;Melipilla;
Campo Deportivo Colegio San Sebastian;Melipilla;
Campo Deportivo Colegio Los Maitenes;Melipilla;
Campo Deportivo Colegio Valle de Mallarauco;Melipilla ;
Campo Deportivo Universidad del Pacifico;Melipilla;
Complejo Deportivo San Miguel;Melipilla;
Cancha Estrella de Popeta;Melipilla ;
Cancha Flor de Mandinga;Melipilla ;
Cancha Vina Chocalan;Melipilla ;
Cancha Chinigue Los Quilos;El Monte ;
Campo Deportivo Domingo Nacional;El Monte ;
Cancha Deportivo Lo Chacon;El Monte ;
Campo Deportivo Paico Alto;El Monte ;
Campo Deportivo Santa Adriana;El Monte ;
Cancha San Luis;El Monte;
Cancha Santa Adela;El Monte;
Cancha 23 de Enero;Santiago ;
Complejo Deportivo Santa Julia N° 1;Santiago ;
Estadio Municipal Edmundo Perez Zujovic;Santiago ;
Estadio Fusco;Santiago ;
Area de Deportes Campus San Joaquin UC;Santiago ;
Campo Deportivo Liceo Salesiano Camilo Ortuzar Montt;Santiago ;
Complejo Deportivo Mundo Sport;Santiago ;
Estadio Casas Viejas;Santiago ;
Estadio Union Centenario de Maipu;Santiago ;
Estadio Hermanos Carrera;Santiago ;
Estadio Independencia de Chile;Santiago ;
Estadio Campos de Batalla;Santiago ;
Estadio Victor Canon Alonso;Santiago ;
Cancha Ramon Freire;Santiago ;
Estadio Union Vivero;Santiago ;
Estadio El Abrazo de Maipu;Santiago ;
Cancha Union La Farfana;Maipu ;
Cancha Manuel Rodriguez;Santiago ;
Cancha Linea Chica;Santiago ;
Cancha Lonquen;Santiago ;
Cancha 4 Poniente;Santiago ;
Canchas Parque Tres Poniente;Santiago ;
Cancha Villa General Baquedano;Santiago ;
Cancha Villa El Sol;Santiago ;
Centro Deportivo Aguas Andinas;Maipu ;
Campo Deportivo Cocesa;Santiago ;
Campo Deportivo El Coliseo Club Resort;Santiago ;
Complejo Deportivo Rancho Sport;Santiago ;
Campo Deportivo Colegio Don Orione;Santiago ;
Campo Deportivo Indura Cerrillos;Santiago ;
Centro Deportivo y Recreativo Cerrillos Caja 18;Santiago ;
Cancha Los Pumas;Santiago ;
Estadio Megacentro Carrascal;Santiago ;
Cancha Digna Rosa;Santiago ;
Cancha Sara Gajardo;Santiago ;
Canchas Parque Santa Anita;Santiago ;
Complejo Deportivo El Sauce;Quilpue;
Cancha El Sauce;Quilpue;
Canchas Parque Municipal Belloto Norte;Quilpue;
Cancha El Ocaso;Quilpue;
Cancha Santa Marta;Quilpue;
Cancha Belloto Sur;Quilpue;
Cancha Los Tilos;Quilpue;
Cancha Colon;Quilpue;
Cancha Canal Chacao;Quilpue;
Cancha Flecha Verde Quilpue;Quilpue;
Complejo Deportivo Estadio Club Penablanca;Villa Alemana;
Estadio San Jorge;Santiago ;
Estadio Israelita Maccabi;Santiago ;
Stadio Italiano;Santiago ;
Campo Deportivo Universidad de Los Andes;Santiago, ;
Estadio Banco Central;Santiago ;
Estadio Guillermo El Conquistador;Santiago ;
Estadio Corvi;Santiago ;
Estadio Fraternal Ferroviaria;Santiago ;
Cancha Jose Maria Caro Sector A;Santiago ;
Estadio Espanol de Curico;Curico;
Campo Deportivo Colegio Vichuquen;Curico;
Cancha Sol de Septiembre;Curico;
Campo Deportivo Colegio Alianza Francesa;Curico;
Complejo Deportivo Aguas Negras;Curico;
Complejo Deportivo Santa Fe;Curico;
Cancha Estrellas de California;Santiago ;
Cancha El Huasco;Santiago ;
Canchas Parque La Castrina;Santiago ;
Cancha Elias de la Cruz;Santiago ;
Cancha Recreacional Gendarmeria;Santiago ;
Estadio Miguel Calvo;Santiago ;
Estadio ACHS;Santiago ;
Estadio UCSH Campus Lo Canas;Santiago ;
Cancha Atletico Santa Ana;Santiago ;
Complejo Deportivo Luis Huneeus;Santiago ;
Cancha Parque La Bandera;Santiago ;
Cancha Centro Deportivo Integral San Ramon;Santiago ;
Cancha Almirante Latorre;Santiago ;
Estadio Raul del Canto;Santiago ;
Complejo Deportivo Las Rosas;Santiago ;
Campo Deportivo Colegio Marista Marcelino Champagnat;Santiago ;
Campo Deportivo Colegio Nocedal;Santiago ;
Campo Deportivo Favet;Santiago ;
Estadio Villa La Pintana;Santiago ;
Cancha El Ombu;Santiago ;
Campo Deportivo Casa de Retiro Fernando Noseda Zambra;Santiago ;
Club de Campo La Pintana;Santiago ;
Complejo Deportivo La Platina;Santiago ;
Estadio Honorino Landa;Santiago ;
Cancha Villa Salvador Allende;Santiago ;
Canchas Estadio Municipal Lo Blanco;Santiago ;
Cancha Villa 4 de Septiembre;Santiago ;
Cancha Villa Oriente;Santiago ;
Campo Deportivo Colegio Tantauco;Santiago ;
Campo Deportivo Club de Suboficiales de la FACH;Santiago ;
Campo Deportivo Grupo de Abastecimiento FACH;Santiago ;
Estadio Union Lo Herrera;San Bernardo ;
Cancha San Leon de Nos;Santiago ;
Cancha Parque Metropolitano Sur;Santiago ;
Estadio Luis Cruz Martinez;Santiago ;
Cancha Poblacion San Bernardo;Santiago ;
Cancha Los Aromos de Chena;Santiago ;
Cancha Tricolor de Chena;Santiago ;
Cancha La Portada;Santiago ;
Cancha Poblacion El Olivo B;Santiago ;
Cancha Poblacion El Olivo A;Santiago ;
Cancha Puente Maipo;Santiago ;
Campo Deportivo Colegio Eliodoro Matte Ossa;Santiago ;
Centro Deportivo Colegio SSCC Alameda;Santiago ;
Campus Quimey Instituto Sagrado Corazon;Santiago ;
Campo Deportivo Escuela de Infanteria;Santiago ;
Centro Deportivo Carozzi Nos;Santiago ;
Campo Deportivo Casa Mayor de Chena;Santiago ;
Complejo Deportivo B Park;Santiago ;
Estadio El Perejil;Santiago ;
Cancha Huamachuco I;Santiago ;
Complejo Deportivo Asociacion de Futbol Amateur de San Felipe;San Felipe;
Estadio Club Deportivo Manuel Rodriguez;San Felipe;
Cancha Arturo Prat;San Felipe;
Cancha Union Tierras Blancas;San Felipe ;
Campo Deportivo Colegio Curimon;San Felipe ;
Estadio Brilla El Sol;Talca;
Estadio Nelson Cabezas;Panguipulli ;
Estadio Jose Filomeno Cifuentes;Lampa ;
Cancha Chile Espana;Lampa ;
Cancha Santa Carolina;Lampa ;
Cancha Santa Sara;Lampa ;
Cancha Defensor Batuco;Lampa ;
Cancha Manuel Rodriguez de Batuco;Lampa ;
Campo Deportivo Ceramica Santiago;Lampa ;
Cancha Union Labbe;Lampa ;
Cancha Renacer del Valle de Chicauma;Lampa ;
Cancha Sol de Septiembre;Lampa;
Cancha Ines Bustos;Lampa;
Cancha Club Deportivo Las Mercedes;Lampa;
Cancha Union Lampa;Lampa;
Campo Deportivo Trabajadores CCU;Lampa;
Campo Deportivo Gauchos Rugby Club;Lampa ;
Club de Campo Larapinta;Lampa;
Campo Deportivo Saint Louis School;Til Til ;
Cancha Lo Marin de Caleu;Til Til ;
Cancha Capilla de Caleu;Til Til ;
Cancha El Llano de Caleu;Til Til ;
Cancha Los Libertadores;Til Til ;
Cancha Plazuela de Polpaico;Til Til ;
Cancha Huechun;Til Til ;
Cancha Club Deportivo Biblioteca;Santiago ;
Complejo Deportivo Los Eucaliptus;Santiago ;
Complejo Deportivo Las Avestruces;Santiago ;
Canchas de Lo Marcoleta con Santa Luisa;Santiago ;
Cancha Malteria;Talagante;
Cancha Almirante Latorre;Talagante;
Cancha Flota Talagante;Talagante;
Cancha Municipal Talagante;Talagante;
Cancha Tegualda;Talagante;
Campo Deportivo y Recreativo Universidad de Valparaiso;Talagante;
Cancha Colegio Carampangue;Talagante;
Campo Deportivo Trebulco School;Talagante ;
Cancha Colegio Particular Leonardo Da Vinci;Talagante ;
Cancha Colegio Instituto Talagante;Talagante ;
Canchas Lo Correano;Talagante ;
Cancha Sorrento;Talagante ;
Cancha El Triunfador de Lonquen;Talagante ;
Cancha Naguayan;Isla de Maipo;
Cancha Lo Guerra;Isla de Maipo;
Cancha El Rosario;Isla de Maipo ;
Cancha La Puntilla;Isla de Maipo ;
Cancha Parque El Trapiche;Penaflor;
Cancha Los Mandarinos;Penaflor;
Club de Campo Carmen Goudie Abbott;Penaflor;
Cancha Lindenau;Penaflor ;
Cancha Iris Larrain;Penaflor ;
Cancha Santa Cruz de la Victoria;Santiago ;
Cancha Juventud Chena;Santiago ;
Cancha Cruz Azul;Santiago ;
Cancha Villa Betania;Santiago ;
Campo Deportivo Colegio Peumayen;Santiago ;
Estadio San Luis;Padre Hurtado ;
Campo Deportivo Escuela La Esperanza;Padre Hurtado ;
Cancha El Trebal;Padre Hurtado ;
Estadio Calera de Tango;Calera de Tango;
Cancha Santo Domingo;Calera de Tango;
Cancha Los Tilos;Calera de Tango;
Cancha Tarapaca Norte;Calera de Tango;
Campo Deportivo Colegio San Felipe Diacono;Calera de Tango;
Cancha Lo Ermita;Calera de Tango;
Cancha Colonia Agricola;Paine;
Estadio Viluco;Buin ;
Cancha Santa Elena de Viluco;Buin ;
Cancha Santa Ana de Cervera;Buin ;
Cancha Club Deportivo Santa Filomena;Buin ;
Cancha La Alborada;Buin ;
Campo Deportivo Union Camposano;Buin ;
Cancha Club Deportivo Union San Miguel de Viluco;Buin ;
Campo Deportivo El Uno Campus;Buin ;
Cancha Futuro Albo de Maipo;Buin ;
Cancha Parque Maipo;Buin ;
Campo Deportivo Colegio Campanario;Buin ;
Campo Deportivo Liceo Polivalente Los Guindos;Buin;
Campo Deportivo Colegio Ingles San Jose de Linderos;Buin ;
Campo Deportivo Colegio San Isidro;Buin ;
Complejo Recreativo Alto Jahuel;Buin ;
Cancha El Recurso;Buin ;
Estadio Club Deportivo Santa Adriana;Paine ;
Estadio Club Deportivo Santa Luisa de Challay;Paine ;
Cancha San Carlos de La Aparicion;Paine ;
Estadio Challay Boys;Paine ;
Campo Deportivo San Alberto de Cardonal;Paine ;
Cancha La Turbina;Paine ;
Complejo Deportivo URMA;Paine;
Complejo Deportivo Angostura;Paine ;
Estadio CCU Luis Donoso;Limache;
Cancha Nacional Limache;Limache;
Cancha El Limonal;Limache;
Cancha Juventud El Palacio;Limache;
Estadio Jorge Guzman Montt;Hijuelas ;
Estadio Estrella de Ocoa;Hijuelas ;
Cancha El Olivo;Hijuelas;
Complejo Deportivo La Pena;Nogales ;
Cancha Pachacama;La Calera ;
Cancha Pachacamita;La Calera ;
Estadio Aconcagua Sur;Quillota;
Cancha El Peumo;Quillota;
Cancha Club Deportivo Dinamo;Quillota;
Complejo Deportivo Asociacion de Futbol Senior de Quillota;Quillota;
Campo Deportivo Asociacion de Futbol Independiente Viejos Tercios de Quillota;Quillota ;
Cancha Los Lucumos;Quillota;
Estadio Salvador Said;Quillota;
Cancha Union Santa Laura;Olmue;
Cancha Lo Herrera Olmue;Olmue;
Cancha Las Compuertas;Catemu ;
Estadio El Escorial;Panquehue ;
Estadio Villa Lo Campo;Panquehue;
Cancha Defensor Artificio;Cabildo ;
Cancha Alicahue;Cabildo ;
Cancha Paihuen;Cabildo ;
Cancha Club Deportivo Penablanca;Cabildo ;
Cancha Gaspar Cabrales;Cabildo;
Cancha Liverpool de Cabildo;Cabildo;
Cancha El Esfuerzo;Cabildo;
Complejo Deportivo Compania Minera Las Cenizas;Cabildo;
Parque Municipal Cabildo;Cabildo;
Cancha Club Deportivo Catolico;Petorca ;
Cancha Monte Verde de Pedernal;Petorca ;
Cancha Calle Larga;Petorca ;
Cancha Chalaco;Petorca ;
Cancha Club Deportivo Condor;La Ligua;
Cancha Agua Clara;La Ligua;
Cancha Union El Carmen;La Ligua ;
Cancha Las Bandurrias;San Esteban ;
Cancha Las Golondrinas;San Esteban ;
Estadio Estrella Central;San Esteban;
Estadio Union Ranchillo;Maria Pinto ;
Estadio Malalhue;Maria Pinto ;
Estadio Union Baracaldo;Maria Pinto, ;
Estadio Ibacache Alto;Maria Pinto ;
Cancha El Bosque;Maria Pinto;
Cancha El Resto;Villa Alhue;
Cancha Hacienda Alhue;Alhue ;
Cancha San Alfonso de Alhue;Alhue ;
Cancha Lo Encanado;San Pedro ;
Cancha Atletico San Pedro;San Pedro;
Cancha El Prado;San Pedro ;
Cancha Nihue;San Pedro ;
Cancha Los Pioneros;San Pedro ;
Cancha Santa Rosa;San Pedro ;
Cancha Las Canchillas;San Pedro ;
Campo Deportivo Loica Abajo;San Pedro ;
Estadio Vina Guadalao;La Estrella;
Cancha La Aguada;La Estrella ;
Cancha Union Wanders El Peralito;Monte Patria;
Cancha Santa Luz;Colina ;
Cancha Quilapilun;Colina ;
Cancha Las Brisas de Chicureo;Colina ;
Campo Deportivo Club Santa Elena de Chicureo;Colina ;
Campo de Entrenamiento Maximo Humbser Zumaran;Colina ;
Campo Deportivo Tierra Mia;Colina ;
Campo Deportivo Trewhelas School Chicureo;Colina ;
Campo Deportivo Colegio Pucalan Montessori;Colina ;
Campo Deportivo Colegio San Nicolas Diacono;Colina ;
Centro Deportivo Santa Marta de Liray;Colina ;
Campo Deportivo Colegio Pumahue Chicureo;Colina ;
Campo Deportivo Colegio San Antonio de Colina;Colina;
Estadio Rigoberto Fontt;Colina;
Estadio OHiggins de Peldehue;Colina;
Estadio Victoria de Chacabuco;Colina;
Cancha El Colorado;Colina ;
Cancha Las Canteras;Colina ;
Estadio Club Deportivo San Jose;La Cruz;
Complejo Deportivo Claudio Arrau;Santiago ;
Cancha Luis Beltran;Santiago ;
Cancha Villa Couso;Pudahuel ;
Estadio Peralito Deportivo Juventud Manuel Rodriguez;Pudahuel ;
Cancha Los Guindos;Pudahuel ;
Cancha El Tranque;Pudahuel ;
Campo Deportivo Colegio Manquecura Ciudad de los Valles;Pudahuel ;
Complejo Deportivo Sigifredo Pereira Urrutia;Arica;
Cancha San Miguel de Azapa;Arica ;
Campo Deportivo Colegio Nirvana;Alto Hospicio;
Estadio Paposo;Taltal ;
Campo Deportivo Cerro Moreno;Antofagasta ;
Cancha Benjamin Vicuna Mackenna;Freirina ;
Cancha Caleta San Pedro;La Serena ;
Cancha Union Ceres;La Serena ;
Cancha Altovalsol;La Serena ;
Cancha El Islon;La Serena ;
Cancha Coquimbito;La Serena ;
Cancha Union Coquimbito;La Serena ;
Complejo Deportivo Casas Verdes;La Serena ;
Cancha Ferro Unido Lambert;La Serena ;
Cancha Quebrada de Talca;La Serena ;
Cancha Independiente Rosario;La Serena ;
Cancha El Romero;La Serena ;
Cancha Barrabases;La Serena ;
Cancha Union Pelicana;La Serena ;
Canchas Toronto Eagles;La Serena;
Cancha La Calera;Vicuna ;
Complejo Deportivo San Geronimo;Vicuna ;
Cancha Robert Kennedy;Vicuna ;
Cancha Penarol de Gualliguaica;Vicuna ;
Cancha El Molle;Vicuna ;
Cancha Fundo Huancara;Vicuna;
Cancha Capel;Vicuna;
Cancha Barrabases;Vicuna;
Cancha Union Victoria;Vicuna ;
Cancha Union Bellavista;Vicuna ;
Cancha Huracan de Rivadavia;Vicuna ;
Cancha Villaseca;Vicuna ;
Cancha Diaguitas;Vicuna ;
Cancha Lautaro de La Compania;Vicuna ;
Cancha El Chanar;Rio Hurtado ;
Cancha Morrillos;Rio Hurtado ;
Cancha Union San Luis de Huallillinga;Ovalle ;
Cancha Nueva Alianza Barraza Bajo;Ovalle ;
Cancha Algarrobo;Ovalle ;
Cancha Arcoiris de Carachilla;Ovalle ;
Estadio Cerrillos de Tamaya;Ovalle ;
Cancha Estrella de Las Sossas;Ovalle ;
Cancha Esmeralda de Huamalata;Ovalle ;
Cancha Villa Seca;Ovalle ;
Cancha Los Leices;Ovalle;
Cancha Lagunillas;Ovalle ;
Cancha Union Recoleta;Ovalle ;
Cancha Socos;Ovalle ;
Cancha San Luis de Las Parcelas;Ovalle ;
Cancha Flor del Norte;Ovalle ;
Cancha Huracan de La Torre;Ovalle ;
Cancha Julio Diaz;Ovalle ;
Cancha Sol Unido;Ovalle ;
Cancha San Luis de Talhuen;Ovalle ;
Cancha San Pedro El Guindo;Ovalle ;
Cancha San Rafael de Los Nogales;Ovalle ;
Cancha Los Copihues;Ovalle ;
Cancha Campo Lindo;Ovalle ;
Cancha Trapiche;Ovalle ;
Cancha Tabali;Ovalle ;
Cancha Union Cora Santa Catalina;Ovalle ;
Cancha Union Bellavista de Santa Cristina;Ovalle ;
Cancha Las Vegas de La Placa;Ovalle ;
Cancha Vegas de Limari;Ovalle ;
Cancha La Silleta;Ovalle ;
Cancha Llanos de Limari;Ovalle ;
Cancha El Talhuen;Ovalle ;
Cancha Coiron;Salamanca ;
Cancha Tahuinco;Salamanca ;
Complejo Deportivo Guillermo Merino Vallejo;Salamanca ;
Cancha Luisin Landaez;Salamanca ;
Cancha Union Batuco;Salamanca ;
Cancha San Agustin;Salamanca ;
Cancha Zapallar;Salamanca ;
Campo Deportivo Miraflores;Illapel ;
Cancha Sausalito;Illapel;
Cancha El Yeso;Illapel ;
Cancha Cuz-Cuz;Illapel ;
Cancha Matancilla;Illapel ;
Cancha Union Charchal;Illapel ;
Campo Deportivo Estrella del Mar;Los Vilos ;
Campo Deportivo Santa Ines;Los Vilos ;
Cancha Independiente de Quilimari;Los Vilos ;
Estadio Pangalillo;Los Vilos ;
Campo Deportivo Independiente de Los Marcos;Mostazal ;
Cancha El Roble;San Francisco de Mostazal;
Campo Deportivo Juventud America;Mostazal ;
Campo Deportivo Union Angostura;Mostazal ;
Cancha OHiggins de Pilay;Mostazal ;
Complejo Deportivo Estadio Nestle;Graneros;
Cancha Club Deportivo Sindicato;Graneros;
Cancha Los Moros;Graneros ;
Cancha Los Chinos;Graneros ;
Cancha La Cabana;Graneros ;
Campo Deportivo San Joaquin de Tuniche;Rancagua ;
Campo Deportivo San Eduardo;Codegua ;
Complejo Deportivo Municipal de Donihue;Donihue;
Complejo Deportivo Santa Eugenia;Olivar ;
Cancha La Isla;Olivar;
Cancha Union Olivar Bajo;Olivar ;
Estadio Yungay de Gultro;Olivar ;
Cancha Lo Conti;Olivar;
Campo Deportivo Juventud Gales;Rengo;
Campo Deportivo Manuel Vivanco Zenteno;Rengo;
Cancha La Piscina;Rengo;
Recinto Deportivo Santa Elisa;Chimbarongo;
Cancha Club de Deportes Chimbarongo;Chimbarongo;
Campo Deportivo La Platina;Chimbarongo ;
Campo Deportivo Union Porvenir;Chimbarongo ;
Cancha El Romeral;Chimbarongo ;
Cancha Vina Cono Sur;Chimbarongo;
Cancha Club Deportivo Union Juvenil;Chimbarongo;
Campo Deportivo Alianza Tinguiririca;Chimbarongo ;
Estadio Club Deportivo Tarapaca;Chimbarongo ;
Campo Deportivo Las Canas;Chimbarongo ;
Cancha Deportivo Codegua;Chimbarongo ;
Campo Deportivo Colonia Quinta;Chimbarongo ;
Campo Deportivo Infante Vial;Chimbarongo ;
Cancha Santa Valentina;Chimbarongo ;
Campo Deportivo San Juan de la Sierra;Chimbarongo ;
Campo Deportivo Escuela Agricola Las Garzas;Chimbarongo;
Cancha Las Ranas;Chimbarongo ;
Campo Deportivo El Perejil;Chimbarongo ;
Estadio Lo Valdivia;Sagrada Familia;
Campo Deportivo UdeC Sede Chillan;Chillan;
Campo Deportivo Colegio Concepcion de Chillan;Chillan;
Campo Deportivo Colegio Alturas;Chillan;
Campo Deportivo Campus La Castilla UBB;Chillan;
Complejo Deportivo Copelec;Chillan;
Campo Deportivo UnACh;Chillan ;
Cancha Poblacion Puren;Chillan;
Cancha Atlanta;Chillan;
Estadio Quinchamali;Chillan ;
Cancha Confluencia;Chillan ;
Cancha Santa Cruz de Cuca;Chillan ;
Cancha Colliguay;Chillan ;
Cancha Nuble Alto;Chillan ;
Cancha El Huape;Chillan ;
Cancha Capilla Cox;Chillan ;
Cancha Santa Raquel;Chillan ;
Cancha Union Campesina;Chillan;
Campo Deportivo Liceo Agricola de Chillan;Chillan ;
Cancha Nacional de Cato;Chillan ;
Complejo Recreativo Rinconada de Cato;Chillan ;
Cancha Central Las Coles;Chillan ;
Cancha Los Naranjos;Chillan Viejo;
Cancha Conde del Maule;Chillan Viejo;
Cancha Cobreloa de Chillan Viejo;Chillan Viejo;
Complejo Deportivo Mariano Egana;Chillan Viejo;
Cancha El Quillay;Chillan Viejo ;
Cancha Los Colihues;Chillan Viejo ;
Cancha Maule Larqui;Chillan Viejo ;
Cancha Quilmo Bajo;Chillan Viejo ;
Cancha Juventud Unida San Nicolas;San Nicolas;
Cancha Dadinco Antigua;San Nicolas ;
Cancha El Oratorio;San Nicolas ;
Cancha Bajo El Ala;San Nicolas ;
Cancha Lucumavida Norte;San Nicolas ;
Cancha Lucumavida Sur;San Nicolas ;
Cancha Villa Illinois;San Carlos ;
Cancha Nueva Esperanza;San Carlos ;
Campo Deportivo Liceo Agricola San Carlos;San Carlos;
Campo Deportivo Liceo Tecnico Profesional Violeta Parra Sandoval;San Carlos;
Cancha La Granja;San Carlos;
Cancha Universidad de Chile;San Carlos;
Cancha Las Garzas;San Carlos;
Cancha Club Deportivo Barrabases;San Carlos;
Complejo Deportivo Union;San Carlos;
Cancha San Camilo;San Carlos ;
Estadio Cachapoal;San Carlos ;
Estadio Buli Estacion;San Carlos ;
Cancha Real Arboledas;San Carlos ;
Cancha Las Arboledas;San Carlos ;
Cancha El Manzanal;San Carlos ;
Cancha El Torreon;San Carlos ;
Cancha La Ribera de Nuble;San Carlos ;
Cancha Muticura;San Carlos ;
Cancha Tres Esquinas;San Carlos ;
Cancha El Penon;San Carlos ;
Cancha El Sauce;San Carlos ;
Cancha La Maravilla;San Carlos ;
Cancha Virguin;Niquen ;
Cancha Los Maitenes;Niquen ;
Cancha Tiuquilemu;Niquen ;
Cancha San Pedro de Las Rosas;Niquen ;
Cancha Zemita;Niquen ;
Cancha San Fernando de Zemita;Niquen ;
Cancha San Jose de Zemita;Niquen ;
Cancha Niquen Estacion;Niquen;
Cancha Paredones;Niquen ;
Cancha San Roque;Niquen ;
Cancha San Jorge;Niquen ;
Cancha Estrella La Gloria;Niquen ;
Cancha Trabuncura;San Fabian ;
Cancha Paso Ancho;San Fabian ;
Cancha La Vega;San Fabian ;
Cancha Flor de Quihua;San Fabian ;
Cancha Apolo Andes Unido;Coihueco;
Complejo Deportivo Lorenzo Mondanelli;Coihueco;
Complejo Familiar y Deportivo ISM Chillan;Coihueco ;
Cancha Club Deportivo Copihual;Coihueco ;
Cancha Bureo Bajo;Coihueco ;
Cancha San Antonio de Cato;Coihueco ;
Cancha Las Pataguas;Coihueco ;
Cancha Union Cordillera;Coihueco ;
Cancha Renacer Coleal Central;Coihueco ;
Cancha La Dehesa;Coihueco ;
Cancha Rinconada de Taucu;Cobquecura ;
Cancha Huilquicura;Cobquecura ;
Cancha Calama;Ninhue;
Cancha Villa Las Palmeras;Ninhue;
Cancha La Isla;Ninhue ;
Cancha El Rincon;Ninhue ;
Cancha Coyanco;Ninhue ;
Cancha Hualte;Ninhue ;
Cancha Torrecillas;Ninhue ;
Cancha Minas de Leuque;Treguaco ;
Cancha Hernan Branas;Treguaco ;
Cancha Denecan;Treguaco ;
Cancha Santa Laura de Puahun;Treguaco ;
Cancha Matadero;Coelemu;
Cancha Ranguelmo;Coelemu ;
Cancha Vegas de Itata;Coelemu ;
Cancha Meipo;Coelemu ;
Estadio Paso Hondo;Ranquil ;
Cancha Liceo Particular;Portezuelo;
Cancha El Sauce;Portezuelo ;
Cancha San Geronimo de Panguilemu;Portezuelo ;
Cancha Rincomavida;Portezuelo ;
Cancha Quitento;Portezuelo ;
Cancha Llahuen;Portezuelo ;
Cancha La Esparraguera;Quillon;
Cancha Huacamala;Quillon;
Cancha Bernardo OHiggins de Quillon;Quillon;
Cancha Cerro Porteno de Quillon;Quillon;
Cancha Las Camelias;Quillon;
Cancha Cerro Negro;Quillon ;
Cancha El Casino;Quillon ;
Cancha Comjuv;Pinto;
Cancha Recinto;Pinto ;
Cancha Centro Turistico Paraiso;Pinto ;
Cancha Simon Bolivar;San Ignacio;
Cancha San Miguel;San Ignacio ;
Cancha Alianza de Lourdes;San Ignacio ;
Cancha Santa Juana;San Ignacio ;
Estadio El Lucero;San Ignacio ;
Estadio Selva Negra;San Ignacio ;
Cancha Los Maitenes;San Ignacio ;
Cancha El Esfuerzo;San Ignacio ;
Cancha Canta Rana;San Ignacio ;
Cancha La Greda;San Ignacio ;
Cancha Union Barrio Alto;San Ignacio ;
Cancha Mayulermo;San Ignacio ;
Cancha Santa Clara;Bulnes ;
Estadio Tres Jotas;Bulnes ;
Cancha Union Pueblo Seco;Bulnes ;
Cancha El Faro;Bulnes ;
Cancha Club Deportivo El Carmen;Bulnes ;
Cancha Colton Quillay;Bulnes ;
Cancha Los Tilos;Bulnes ;
Cancha General Cruz;Pemuco ;
Cancha San Miguel de Diguillin;Pemuco ;
Cancha San Pedro;Pemuco ;
Cancha Balneario Trilaleo;Yungay;
Estadio Union de Campanario;Yungay ;
Cancha Sausalito;Yungay ;
Cancha Los Mayos;Yungay ;
Cancha Los Puquios;Yungay ;
Cancha Ranchillo;Yungay ;
Cancha San Luis de Curapaso;Yungay ;
Cancha Huracan Los Laureles;Yungay ;
Cancha San Miguel de Itata;Yungay ;
Cancha El Progreso;Cabrero ;
Cancha El Santo;Tome;
Cancha California;Tome;
Complejo Deportivo Carlos Mahns;Tome;
Cancha Cerro Alegre;Tome;
Cancha Cerro Estanque;Tome;
Cancha Tome Alto;Tome;
Cancha Dos Esquinas;Tome;
Cancha Litril;Tome ;
Cancha Vegas de Coliumo;Tome ;
Cancha Menque;Tome ;
Cancha Union Punta de Parra;Tome ;
Cancha Rafael;Tome;
Campo Deportivo Universidad del Bio-Bio;Concepcion;
Campos Deportivos Llacolen;Concepcion ;
Parque Humedal Los Batros;Concepcion ;
Cancha Nueva Los Lobos;Talcahuano;
Cancha Vista Hermosa;Talcahuano;
Cancha Diego Portales;Talcahuano;
Cancha La Bombonera Poblacion Libertad;Talcahuano;
Cancha Corvi;Talcahuano;
Cancha Juventud Letelier;Talcahuano;
Cancha Santa Marta;Talcahuano;
Cancha Estrella Azul;Talcahuano;
Cancha Centinela;Talcahuano;
Cancha Estrella del Mar;Lota;
Cancha Vipla;Penco ;
Cancha del Cura ;Concepcion ;
Cancha Quilacoya;Hualqui ;
Cancha Colcura;Lota ;
Cancha Laraquete;Arauco ;
Cancha Conumo;Arauco ;
Complejo Deportivo Cantarrana;Los Angeles;
Cancha San Carlos de Puren;Los Angeles ;
Cancha Municipal de Millantu;Los Angeles ;
Cancha Municipal de Santa Fe;Los Angeles ;
Cancha Club Deportivo Barrio Alto;Los Angeles ;
Cancha La Victoria de La Candelaria;Los Angeles ;
Cancha Cuel;Los Angeles ;
Cancha Chacayal Sur;Los Angeles ;
Cancha CD Las Vinas;Los Angeles ;
Cancha Arda;Yumbel;
Cancha Hector Davila;Yumbel;
Cancha Hermanos Mendoza;Yumbel;
Cancha Sucupira;Yumbel;
Cancha Juventud Tomeco;Yumbel ;
Cancha Entre Rios;Nacimiento;
Cancha Villa Nahuelbuta;Nacimiento;
Cancha Miraflores;Negrete;
Complejo Deportivo Villa Coihue;Negrete ;
Cancha Santa Amelia;Negrete ;
Cancha Hacienda Negrete;Negrete ;
Cancha Santa Laura;Mulchen;
Campo Deportivo Munilque;Mulchen ;
Cancha N°2 Estadio Municipal de Quilleco;Quilleco;
Cancha Club Deportivo Quilleco;Quilleco;
Cancha Liceo Bicentenario Francisco Bascunan Guerrero;Quilleco;
Cancha San Lorencito;Quilleco ;
Cancha Union Las Canteras;Quilleco ;
Cancha Defensor El Hualle;Quilleco ;
Cancha Club Deportivo San Vicente;Quilleco ;
Cancha Villa Mercedes;Quilleco ;
Cancha Huracan de Los Alamos;Los Alamos;
Estadio Independiente de Tres Pinos;Los Alamos ;
Estadio Antihuala;Los Alamos ;
Cancha Quillaitun;Los Alamos ;
Cancha Temuco Chico;Los Alamos ;
Cancha La Araucana;Los Alamos ;
Cancha Villa Los Rios;Los Alamos ;
Cancha Pichi Pellahuen;Lumaco ;
Cancha San Ramon;Padre Las Casas ;
Cancha Icalma;Lonquimay ;
Cancha Liucura;Lonquimay ;
Cancha Putue Alto;Villarrica ;
Cancha Conaripe;Panguipulli ;
Estadio Municipal de Conaripe;Panguipulli ;
Campo Deportivo Liquine;Panguipulli ;
Estadio Melefquen;Panguipulli ;
Estadio Nontuela 200;Futrono ;
Campo Deportivo Campus Isla Teja UACh;Valdivia;
Cancha Club Deportivo Arica;Valdivia;
Complejo Deportivo Guacamayo;Valdivia;
Cancha Club Deportivo Union Libertad;Valdivia;
Cancha Almirante Latorre;Valdivia;
Cancha Adison Aguilar;Valdivia;
Campos Deportivos Arauco Valdivia;Valdivia;
Cancha Hogar Huachocopihue UACh;Valdivia;
Cancha Parque Guillermo Harnecker;Valdivia;
Cancha Club Deportivo Pacifico Sur;Valdivia;
Cancha Club Deportes Las Animas;Valdivia;
Campo Deportivo Universidad de Los Lagos;Osorno;
Club Deportivo Olimpia;Osorno;
Cancha Los Pellines;Llanquihue ;
Estadio Colonia Tres Puentes;Puerto Varas ;
Estadio Villa Artesania;Puerto Montt;
Estadio Club Deportivo Bahia Pargua;Calbuco ;
Cancha Cerro Porteno;Puerto Aysen;
Cancha N°2 Estadio Municipal de Coyhaique;Coyhaique;
Campo Deportivo Universidad de Magallanes;Punta Arenas;
Complejo Deportivo Club Magallanes;Punta Arenas;
Estadio Municipal de Rio Hurtado;Rio Hurtado;
Estadio Municipal de Pailahueque;Ercilla ;
Estadio Municipal de Pidima;Ercilla ;
Estadio Tortel;Tortel;
Estadio Municipal de Lago Verde;Lago Verde;
Estadio Municipal de Pehuen;Lebu ;
Estadio Puerto Rio Tranquilo;Rio Ibanez ;
Estadio Municipal de Curaco de Velez;Curaco de Velez;
Estadio Galvarino Riveros;Curaco de Velez;
Estadio Monte Verde;Tucapel ;
Cancha El Transito;Alto del Carmen, ;
Cendyr Villa OHiggins;Santiago ;
Estadio Goodyear;Santiago ;
Cancha Estrella San Jose FC;Santiago ;
Complejo Deportivo Miraflores;Santiago ;
Complejo Deportivo Roma;Santiago ;
Canchas El Taqueral;Lampa ;
Estadio Marianista;Santiago ;
Cancha Santa Luisa;Santiago ;
Cancha Santa Victoria;Santiago ;
Cancha Club Deportivo Santa Elvira;Santiago ;
Cancha Club Deportivo Villa Santa Clara;Santiago ;
Cancha Club Deportivo Villa Boroa;Santiago ;
Cancha Gimnasio Municipal de Cerrillos;Santiago ;
Cancha Fundacion Domingo Matte Mesias;Santiago ;
Complejo Deportivo Ciudad de Dios;Santiago ;
Cancha Los Morros;Santiago ;
Campo Deportivo Transelec;Santiago ;
Cancha Centro de Eventos Bauerland;Santiago ;
Campo Deportivo Colegio del Valle;Santiago ;
Complejo Deportivo Los Vascos;Pirque;
Complejo Deportivo Habivalp;Valparaiso;
Cancha Visviri;General Lagos ;
Cancha Tacora;General Lagos ;
Cancha Quistagama;Camina ;
Cancha Pisagua;Huara ;
Cancha Los Nogales de Paine;Paine;
Cancha Farellones;Lo Barnechea ;
Campo Deportivo San Miguel de Colina;Santiago ;
Estadio Municipal de Cerro Sombrero;Primavera ;
Estadio Municipal de Juan Fernandez;Juan Fernandez;
