Nombre;Ciudad;Capacidad
Estadio Nacional Julio Martínez Prádanos;Santiago ;48 665​
Estadio Monumental David Arellano;Santiago ;47 347​
Estadio Ester Roa Rebolledo;Concepción;30 448
Estadio Sausalito;Viña del Mar;23 423
Estadio Regional Calvo y Bascuñán;Antofagasta;21 178
Estadio Elías Figueroa Brander;Valparaíso;20 575
Estadio Santa Laura - Universidad SEK;Santiago ;19 887
Estadio Francisco Sánchez Rumoroso;Coquimbo;18 750
Estadio Germán Becker;Temuco;18 413
Estadio La Portada;La Serena;18 243
Estadio Fiscal de Talca;Talca;16 070​
Estadio San Carlos de Apoquindo;Santiago ;14 780
Estadio El Teniente;Rancagua;13 849
Estadio Tierra de Campeones;Iquique;13 171
Estadio Zorros del Desierto;Calama;12 102
Estadio Bicentenario de La Florida;Santiago ;12 000
Estadio Bicentenario Nelson Oyarzún;Chillán;12 000
Estadio El Cobre;El Salvador;11 240​
Estadio Rubén Marcos Peralta;Osorno;11 000
Estadio Huachipato-CAP Acero;Talcahuano;10 500
Estadio Regional de Chinquihue;Puerto Montt;10 000
Estadio Municipal de San Felipe;San Felipe;10 000
Estadio Carlos Dittborn;Arica;9 625
Estadio Municipal Nicolás Chahuán Nazar;La Calera;9 200
Estadio Luis Valenzuela Hermosilla;Copiapó;8 500
Estadio La Granja;Curicó;8 278
Estadio Municipal de La Cisterna;Santiago ;8 000
Estadio Municipal Lucio Fariña Fernández;Quillota;7 700
Estadio El Morro;Talcahuano;7 000
Estadio Roberto Bravo Santibáñez;Melipilla;6 500
Estadio Municipal Jorge Silva Valenzuela;San Fernando;6 000
Estadio Municipal de La Pintana;Santiago ;6 000
Estadio Municipal Joaquín Muñoz García;Santa Cruz;6 000
Estadio Diaguita;Ovalle;5 160
Estadio Municipal Doctor Olegario Henríquez Escalante;San Antonio;5 000
Estadio Fiscal Manuel Moya Medel;Cauquenes;5 000
Estadio Municipal Nelson Rojas;Vallenar;5 000
Estadio Parque Municipal;Valdivia;5 000
Estadio Fiscal Antonio Rispoli Díaz;Punta Arenas;4 500
Estadio Municipal de Los Ángeles;Los Ángeles;4 150
Estadio Alberto Larraguibel;Angol;4 000
Estadio Federico Schwager;Coronel;4 000
Estadio Fiscal Tucapel Bustamante Lastra;Linares;4 000
Estadio Santiago Bueras;Santiago ;4 000
Estadio Lautaro de Buin;Buin;3 700
Estadio Municipal de San Joaquín;Santiago ;3 500
Estadio Municipal Luis Navarro Avilés;San Bernardo;3 500
Estadio Municipal Ítalo Composto Scarpatti;Villa Alemana;3 500
Estadio Regional de Los Andes;Los Andes;3 300
Estadio Municipal Augusto Rodríguez;San Vicente de Tagua Tagua;3 000
Estadio Municipal de Lo Barnechea;Santiago ;2 500
Estadio Municipal Raúl Vargas Verdejo;Quintero;2 500
Estadio Municipal Leonel Sánchez Lineros;Santiago ;2 000
;;
Nombre;Ciudad;Capacidad
Estadio Municipal Miguel Riffo León;Graneros;7000
Estadio Atlético Mario Recordón;Santiago ;5500
Estadio Municipal Guillermo Guzmán Díaz;Rengo;5000
Estadio Municipal Ascanio Cortés Torres;Tocopilla;5000
Estadio Reinaldo Martín Müller;Santiago ;5000
Estadio Monumental Arístides Bahamondes;Chillán Viejo;5000
Estadio Anaconda;Chuquicamata;5000
Estadio Luis Becerra Constanzo;Calama;4000
Estadio Municipal de Alto Hospicio;Alto Hospicio;4000
Estadio Parque Juan López;Antofagasta;4000
Estadio La Pampilla;Coquimbo;4000
Estadio Félix Gallardo;Valdivia;4000
Estadio Municipal Manuel Rojas del Río;Colina;4000
Estadio Municipal Carlos Vogel Meyer;La Unión;4000
Estadio Municipal de Castro;Castro;4000
Estadio Vulco;Santiago ;4000
Estadio Alberto Allaire;Osorno ;4000
Estadio Municipal de Illapel;Illapel;4000
Estadio O'Higgins;Valparaíso;4000
Estadio Manquehue;Santiago ;4000
Estadio USACH;Santiago ;3500
"Cancha N° 3 ""Alfredo Rossi Montana""";;3500
Estadio Municipal Sila Smith;San Nicolás;3500
Estadio Municipal de Cavancha;Iquique;3300
Estadio ANFA Chillán;Chillán;3200
Estadio Municipal de Yumbel;Yumbel;3000
Estadio Municipal Raúl Erazo;Curanilahue;3000
Estadio Luis Álamos Luque;Chañaral;3000
Estadio La Caldera;Caldera;3000
Estadio Municipal Eladio Rojas;Tierra Amarilla;3000
Estadio Municipal de San Francisco de Mostazal;San Francisco de Mostazal;3000
Estadio de Hanga Roa;Isla de Pascua;3000
Estadio Facela;Laja;3000
Estadio Municipal de Salamanca;Salamanca;3000
Estadio Municipal Ángel Navarrete Candia;Limache;3000
Estadio Gustavo Ocaranza;Limache;3000
Estadio Municipal Matías Vidal Pérez;Villarrica;3000
Estadio Municipal Luis Figueroa Riquelme;Cabrero;3000
Estadio Municipal de Puente Alto;Puente Alto;3000
Estadio Municipal de Pirque;Pirque;3000
Estadio Municipal de Peñalolén;Santiago ;3000
Estadio Municipal Alfonso Escobar;San Javier;3000
Estadio Municipal de Codegua;Codegua;3000
Estadio Municipal Juan Antonio Ríos;Santiago ;3000
Estadio Centenario de Cabildo;Cabildo;3000
Estadio Atlético Municipal de Concón;Concón;3000
Estadio Municipal de Concón;Concón;3000
Estadio Municipal El Alto;Nueva Imperial;3000
Estadio Canadela;Arica;3000
Stadio Italiano de Valparaíso;Viña del Mar;3000
Estadio Militar Los Héroes;Antofagasta;3000
Estadio Municipal Lucas Pacheco Toro;Talagante;2883
Estadio Municipal de Paine;Paine;2500
Estadio Fiscal de Mulchén;Mulchén;2500
Estadio Complejo Deportivo Labranza;Temuco ;2500
Estadio Saint George;Santiago ;2500
Estadio Hernán Villanueva;Iquique;2500
Estadio Schilling;Osorno;2500
Complejo Deportivo Algarrobo;Vallenar;2500
Estadio ANFA Luis Hernán Álvarez;Curicó;2400
Estadio Municipal Alcalde Claudio Guajardo Oyarce;Río Claro ;2300
Estadio Municipal de San Rafael;San Rafael;2220
Estadio Municipal Bernardo O'Higgins;Santiago ;2200
Estadio Municipal de Coltauco;Coltauco;2200
Estadio Escolar de Antofagasta;Antofagasta;2088
Estadio Boca Sur;San Pedro de la Paz;2062
Estadio Municipal Enrique Donn Müller;Constitución;2060
Estadio Municipal Patricio Mekis;Rancagua;2000
Estadio Municipal Guillermo Saavedra;Rancagua;2000
Estadio Municipal Nelson Valenzuela Rojas;Parral;2000
Estadio Municipal Eugenio Castro González;El Quisco;2000
Estadio Municipal Fernando Ross Marchessi;Cartagena;2000
Estadio Municipal de Nogales;Nogales;2000
Estadio Soinca;Melipilla;2000
Estadio Polideportivo de Calama;Calama;2000
Estadio Municipal de Mejillones;Mejillones;2000
Estadio Municipal de Chiguayante;Concepción ;2000
Estadio Municipal de Molina;Molina;2000
Estadio Municipal de María Elena;María Elena;2000
Estadio Municipal Samuel Valk;Los Lagos;2000
Estadio Esparta;Santiago ;2000
Estadio Municipal de Teno;Teno;2000
Estadio Municipal Belmor Rojas Iriarte;Taltal;2000
Estadio Municipal Alcalde Camilo Pérez Vicencio;Puchuncaví;2000
Estadio Municipal Los Notros;Loncoche;2000
Estadio Municipal de Lautaro;Lautaro;2000
Estadio CARR Feruchi;Santiago ;2000
Estadio Municipal Sur;Talca;2000
Estadio Municipal de Los Muermos;Los Muermos;2000
Estadio Cárcel Colina I;Colina;2000
Estadio Municipal de Hijuelas;Hijuelas;2000
Estadio Complejo Deportivo Cemento Melón;La Calera;2000
Estadio Las Torres;Viña del Mar;2000
Cancha 5 Sergio Marchant Muñoz;Antofagasta;2000
Complejo Deportivo Parcela 41;La Serena;2000
Estadio Municipal Enrique Doll Rojas;La Ligua;1800
Estadio Atlético Eliana Gaete Lazo;Santiago ;1800
Estadio Parque La Piscina;Curanilahue;1800
Estadio Municipal de San José de Maipo;San José de Maipo;1750
Estadio Municipal Fernando Cornejo;Quinta de Tilcoco;1750
Estadio Municipal Arturo Echazarreta Larraín;Casablanca;1672
Estadio Municipal de Santa María;Santa María;1600
Estadio Municipal Jorge Prieto Letelier;Llay-Llay;1600
Estadio Municipal Miguel Alarcón Osores;Cauquenes;1500
Cancha N°2 Estadio Fiscal Manuel Moya Medel;Cauquenes;1500
Estadio Colegio Quillón;Quillón;1500
Estadio Bernardino Luna;Coronel;1500
Estadio Municipal Lintz;Puerto Montt;1500
Estadio Municipal de Chimbarongo;Chimbarongo;1500
Estadio Olímpico Cuyuncaví;Curacaví;1500
Estadio Municipal Juan Rogelio Núñez;Tomé;1500
Estadio Modelo de Pudahuel;Santiago ;1500
Estadio Centenario de La Unión;La Unión;1500
Estadio Estrella Solitaria;Lampa ;1500
Complejo Deportivo Raimundo Tupper Lyon;Santiago ;1500
Estadio Municipal de Traiguén;Traiguén;1500
Estadio Centenario de Antofagasta;Antofagasta;1500
Estadio Municipal Villa Olímpica;Quilpué;1500
Estadio Municipal Joel Fritz;Ancud;1500
Estadio Municipal de Quellón;Quellón;1500
Estadio Municipal de Longaví;Longaví;1500
Estadio Municipal de Freire;Freire;1500
Estadio Municipal de Coihueco;Coihueco;1500
Estadio Municipal de Los Álamos;Los Álamos;1500
Estadio Fiscal Osvaldo Muñoz Carrillo;Pucón;1500
Estadio Municipal Aurelio Domínguez;El Monte;1500
Estadio Municipal Amador Poblete Villagrán;Perquenco;1500
Estadio El Alto;Padre Las Casas;1500
Estadio Municipal de Algarrobo;Algarrobo;1500
Estadio Municipal de Pichilemu;Pichilemu;1500
Estadio Municipal de Pitrufquén;Pitrufquén;1500
Estadio Municipal de Cajón;Vilcún ;1500
Estadio Municipal de Isla de Maipo;Isla de Maipo;1500
Estadio Gaete;Talcahuano;1500
Estadio Municipal de Coelemu;Coelemu;1500
Estadio Municipal René Correa Hermosilla;Santa Bárbara;1500
Complejo Deportivo Municipal de Los Vilos;Los Vilos;1500
Estadio Municipal de Coinco;Coinco;1500
Estadio Municipal de Empedrado;Empedrado;1500
Estadio Eladio Rojas;Valdivia;1500
Complejo Deportivo Santa Inés;La Serena ;1500
Estadio Atlético Bilbao;Santiago ;1500
Estadio Municipal Los Libertadores;Panquehue;1400
Estadio Municipal de Pedro Aguirre Cerda;Santiago ;1350
Estadio Atlético Quilamapu;Chillán;1336
Estadio Municipal de Victoria;Victoria;1300
Estadio Municipal de San Carlos;San Carlos;1300
Estadio Municipal de Curacautín;Curacautín;1300
Estadio Escuela Militar;Santiago ;1300
Complejo Deportivo Tadeo Haenke;Iquique;1300
Estadio Municipal de Rauco;Rauco;1300
Estadio Municipal de Lolol;Lolol;1300
Estadio Municipal Ewaldo Klein;Puerto Varas;1296
Estadio Tierra de Oro y Sol;Illapel ;1290​
Estadio Municipal de Quilicura;Santiago ;1225
Canchas 2, 3 y 4 Estadio Regional Calvo y Bascuñán;Antofagasta;1200
Cancha N°2 Estadio Germán Becker;Temuco;1200
Estadio Municipal de Cañete;Cañete;1200
Estadio Municipal de Hualqui;Hualqui;1200
Estadio Municipal de Nacimiento;Nacimiento;1200
Estadio Municipal de Hualpén;Concepción ;1200
Cancha N°2 Estadio La Pampilla;Coquimbo;1200
Estadio Parque Urbano Tierras Blancas;Coquimbo ;1200
Estadio Escuela de Investigaciones Policiales;Santiago ;1200
Estadio Universidad de Concepción;Concepción;1200
Estadio Municipal de Monte Águila;Cabrero ;1200
Estadio Municipal Alcalde Alejandro Floody;Carahue;1200
Estadio Atlético Provincial de Lebu;Lebu;1200
"Estadio N° 1 Segundo ""Pichincho"" Ortiz";El Salvador;1200
Estadio Erwin Fischer Luft;Valparaíso;1200
Estadio Municipal de Puerto Octay;Puerto Octay;1200
Estadio Centro Recreativo Jorge Larrondo;Ovalle ;1200
Estadio Marista de Los Andes;Los Andes;1200
Complejo Deportivo Omar Dib Sanhueza;Traiguén;1200
Estadio Las Dunas;Caldera;1200
Estadio Cardenal Caro;Santiago ;1152
Estadio Municipal de Pelarco;Pelarco;1140
Estadio Municipal Eleodoro Pintor Salvadores;Lanco;1120
Cancha Las Vegas;Osorno ;1120
Estadio Municipal de Panguipulli;Panguipulli;1100
Estadio Municipal El Rungue;Nogales ;1100
Estadio Municipal de Huépil;Tucapel ;1100
Complejo Deportivo Escuela de Gendarmería ;Santiago ;1100
Estadio La Anivana;Graneros ;1100
Estadio Pueblo Nuevo;La Calera;1078
Estadio Jorge Hidalgo;La Calera;1078
Estadio Municipal de San Clemente;San Clemente;1060
Estadio Municipal de Olivar Bajo;Olivar ;1050
Estadio Centenario de Los Andes;Los Andes;1004
Estadio Municipal Los Aromos;Máfil;1002
Estadio Chacabuco;Santiago ;1000
Estadio Municipal de San Ramón;Santiago ;1000
Estadio Atlético Ramón Tapia Chambilla;Copiapó;1000
Estadio Municipal Lo Blanco;Santiago ;1000
Estadio Municipal de San Pedro;San Pedro;1000
Estadio Municipal de Las Condes;Santiago ;1000
Estadio Municipal José Campos Orellana;Quillón;1000
Cancha N°2 Estadio Municipal de La Pintana;Santiago ;1000
Estadio Las Ánimas;Valdivia;1000
Estadio Municipal N°2 Del Nacional;Valdivia;1000
Estadio Municipal de Lampa;Lampa;1000
Estadio Gasco;Santiago ;1000
Estadio Municipal Edmundo Larre Bollmann;Río Bueno;1000
Estadio Centenario de Purranque;Purranque;1000
Estadio Municipal de Monte Patria;Monte Patria;1000
Estadio Municipal de Renca;Santiago ;1000
Estadio Municipal de Lota;Lota;1000
Estadio Municipal de San Pedro de Atacama;San Pedro de Atacama;1000
Estadio Municipal Jonattan Muñoz Allulef;Villarrica ;1000
Estadio Municipal de Huasco Bajo;Huasco ;1000
Estadio Municipal de Huasco;Huasco;1000
Estadio Escuela de Carabineros;Santiago ;1000
Estadio Militar de Santiago;Santiago ;1000
Estadio Municipal de Placilla de Peñuelas;Valparaíso ;1000
Estadio Ramón Alarcón Alarcón;San Antonio;1000
Estadio Municipal de Olmué;Olmué;1000
Estadio Instituto Nacional;Santiago ;1000
Estadio Fiscal Ramón Cañas;Punta Arenas;1000
Estadio 18 de Septiembre;Punta Arenas;1000
Estadio Municipal Santa Anita;Santiago ;1000
Estadio Malloco Atlético;Santiago (Malloco, Peñaflor);1000
Complejo Deportivo Jaime Fernández García;Talca;1000
Complejo Deportivo Gilberto Tapia Novoa;Talca;1000
Estadio Estero Lobos;Puerto Montt;1000
Estadio El Roble;Chillán;1000
Complejo Deportivo Río Viejo;Chillán;1000
Campo Deportivo Colegio Seminario Padre Alberto Hurtado;Chillán;1000
Estadio Municipal de Pinto;Pinto;1000
Estadio Municipal José Fuentes Espinoza;Florida;1000
Complejo Deportivo ANFA Chiguayante;Concepción ;1000
Estadio Municipal de Carampangue;Arauco ;1000
Estadio Municipal Laureano Rosales;Futrono;1000
Estadio Municipal Roberto Echeverría Boutaud;Cunco;1000
Estadio Municipal de Melipeuco;Melipeuco;1000
Estadio Municipal de Alerce;Puerto Montt ;1000
Estadio Antonio Varas;Puerto Montt;1000
Estadio Luis Cruchaga;Curacaví;1000
Complejo Deportivo Alexander Kurtovic;Tocopilla;1000
Centro Deportivo y Recreacional Villa Esperanza;Antofagasta;1000
Stade Francais;Santiago ;1000
Estadio El Bosque de Santa Inés;Viña del Mar;1000
Estadio Contraloría;Santiago ;1000
Estadio El Parrón;Buin ;1000
Estadio El Cacique;Buin;1000
Estadio Municipal de Cerrillos;Santiago ;1000
Estadio C.T.I.;Santiago ;1000
Estadio Víctor Braun Page;María Pinto;1000
Estadio Old Grangonian Club;Colina ;1000
Estadio Municipal de Til Til;Til Til;1000
Estadio Polpaico;Til Til ;1000
Estadio Municipal Rafael Olate;Papudo;1000
Estadio Municipal de El Tabo;El Tabo;1000
Estadio Huracán de Llolleo;San Antonio ;1000
Estadio Marista de Rancagua;Rancagua;1000
Pista Atlética Patricio Mekis;Rancagua;1000
Estadio Colegio Los Cipreses;Doñihue ;1000
Complejo Deportivo Agrosuper;Doñihue ;1000
Estadio Municipal Guillermo Chacón;Machalí;1000
Estadio Froilán Naranjo;Requínoa ;1000
Estadio Municipal de Peumo;Peumo;1000
Estadio Municipal de Chanco;Chanco;1000
Estadio Municipal Aquiles Sani Guilardoni;Hualañé;1000
Estadio Tineo Park;Concepción ;1000
Estadio Aníbal Pinto;Concepción;1000
Estadio Fiscal de Hualqui;Hualqui;1000
Estadio Municipal de Calle Larga;Calle Larga;1000
Estadio Municipal de San Esteban;San Esteban;1000
Estadio Minas Melón;Nogales ;1000
Estadio Municipal de Santa Juana;Santa Juana;1000
Estadio Municipal de Canela Robinson Estay Zepeda;Canela;1000
Estadio Atlético Club Deportivo Refinería Concón;Concón;1000
Estadio Municipal de Catapilco;Zapallar ;1000
Estadio Cachagua;Zapallar ;1000
Estadio Litoral Maitencillo;Puchuncaví ;1000
Estadio Carlos García;Viña del Mar ;1000
Estadio Municipal Miraflores;Viña del Mar;1000
Estadio Club Deportivo Ritoque;Quintero;1000
Estadio Municipal de Chépica;Chépica;1000
Estadio Municipal de Las Cabras;Las Cabras;1000
Estadio Municipal de Colbún;Colbún;1000
Estadio Municipal de Sagrada Familia;Sagrada Familia;1000
Estadio Aldea del Encuentro;Santiago ;1000
Estadio Municipal de Lontué;Molina ;1000
Complejo Deportivo Amador Donoso;Santiago ;1000
Campo Deportivo Parque Pierre Dubois;Santiago ;1000
Estadio Club Deportivo Maule;Maule;1000
Estadio Club Deportivo Colo Colo San Javier;San Javier;1000
Estadio Municipal de Pelequén;Malloa ;1000
Estadio Municipal de Rosario;Rengo ;1000
Estadio Municipal N°2 de Salamanca;Salamanca;1000
Estadio Municipal de La Cruz;La Cruz;1000
Complejo Deportivo de El Monte;El Monte;1000
Estadio Municipal de Gultro;Olivar ;1000
Complejo Deportivo Bicentenario;Río Bueno;1000
Estadio José Fernández;Puchuncaví ;1000
Estadio Club Deportivo Pullally;Papudo ;1000
Estadio Juan Uribe Barrientos;Quellón;1000
Estadio Pudeto;Ancud ;1000
Complejo Deportivo Lideinsenoba;Santiago ;1000
Complejo Deportivo Freddy Carvajal;Coquimbo ;1000
Estadio Maximiliano Cáceres ;Graneros;1000
Estadio Santa Teresa de la Torina;Pichidegua;1000
Estadio Cóndor de Pichidegua;Pichidegua;1000
Estadio Unión La Vega;Cabildo ;1000
Estadio Tricolor La Chimba;La Ligua;1000
Estadio Club Deportivo Bellavista;La Ligua ;1000
Estadio El Retiro;Quilpué;1000
Estadio Baquedano;Concepción ;1000
Cancha Gente de Mar;Concepción ;1000
Estadio Juan Bautista Alfaro;Ovalle ;1000
Estadio Universidad Técnica Federico Santa María;Valparaíso;1000
Estadio Universdad Santa María Campus José Miguel Carrera;Viña del Mar;1000
Estadio Municipal Raúl Inostroza;Santiago ;1000
Parque Las Palmeras;Santiago ;1000
Parque Deportivo Los Tilos;Santiago ;1000
Complejo Deportivo General Bonilla;Santiago ;1000
Complejo Deportivo Liga Aeropuerto;Santiago ;1000
Campo Deportivo Noviciado ;Pudahuel ;1000
Complejo Deportivo El Peral Puente Alto;Santiago ;1000
Canchas Ex Old Grangonian Club;Santiago ;1000
Estadio Sergio Eguiguren;Santiago ;1000
Complejo Deportivo Quilín;Santiago ;1000
Complejo Deportivo Santiago Morning;Santiago ;1000
Complejo Deportivo La Cisterna;Santiago ;1000
Ciudad Deportiva Huachipato;Talcahuano;1000
Ciudad Deportiva Iván Zamorano;Santiago ;1000
Complejo Deportivo Parque Costanera del Cautín;Temuco;1000
Complejo Deportivo Fidencio Santander;Vallenar;1000
Estadio Meseta Azul;Vallenar;1000
Complejo Deportivo Colegio Inglés Católico;La Serena;1000
Campo Deportivo Colegio Marista Nuestra Señora de Andacollo;La Serena ;1000
Complejo Deportivo Las Vegas;Calama;1000
Estadio Municipal Nicanor Apablaza Apablaza;Pelluhue;952
Estadio Municipal Pedro Rojas Rivera;Vicuña;950
Estadio Municipal de Collipulli;Collipulli;950
Estadio Municipal de Los Vilos;Los Vilos;950
Estadio Municipal de Pumanque;Pumanque;928
Estadio Municipal Humberto Ángel Astudillo;Combarbalá;900
Estadio Municipal de Arauco;Arauco;900
Estadio Municipal de Litueche;Litueche;900
Estadio Municipal de Dalcahue;Dalcahue;900
Estadio Parque Deportivo Cincuentenario;Paillaco;900
Estadio José Fernández Llorens;Talca;900
Estadio Scuola Italiana;Santiago ;900
Estadio Municipal Wilfredo González Zeballos;Andacollo;891
Estadio Municipal de Chonchi;Chonchi;890
Estadio Municipal de Yerbas Buenas;Yerbas Buenas;880
Estadio Municipal Carlos Lobos Hernández;Villa Alegre;880
Estadio Municipal de Puyehue;Puyehue ;876
Estadio Municipal de Catemu;Catemu;870
Estadio Municipal de Paillaco;Paillaco;860
Estadio Municipal de Requínoa;Requínoa;856
Estadio Municipal de Achao;Quinchao ;850
Estadio Bancario;Osorno;850
Estadio Estrella Blanca;Puerto Montt;844
Estadio Municipal de Puerto Saavedra;Puerto Saavedra;840
Estadio Municipal de Lo Miranda;Doñihue ;840
Estadio Municipal de Peralillo;Peralillo;840
Estadio Municipal de Bulnes;Bulnes;840
Complejo Deportivo Rahue Alto;Osorno ;840
Estadio Municipal de Punitaqui;Punitaqui;829
Estadio Municipal Alejandro Olmos;Zapallar;820
Estadio Municipal de El Carmen;El Carmen;810
Estadio Municipal José Climent;Santiago ;800​
Estadio Municipal de Vilcún;Vilcún;800
"Estadio Ramón ""Moncho"" Vega";Illapel;800
Estadio Municipal de Purén;Purén;800
Estadio Municipal Alejo Núñez Carranza;Placilla;800
Estadio Municipal de Los Sauces;Los Sauces;800
Estadio Municipal de Olivar Alto;Olivar ;800
Estadio Campo Deportivo Ñielol;Temuco;800
Estadio IND Puerto Montt;Puerto Montt;800
Estadio Municipal de Pemuco;Pemuco;800
Estadio Municipal Víctor Bórquez Miranda;Puerto Natales;800
Estadio Municipal Enrique Palma Torres;Petorca;800
Complejo Deportivo Municipal San Pedro;María Pinto;800
Estadio Municipal Julio Riesco;Curacaví;800
Estadio Municipal de Diego de Almagro;Diego de Almagro;800
Estadio Municipal de Yungay;Yungay;800
Estadio Colegio Academia de Humanidades;Santiago ;800
Estadio Flecha de Concepción;Concepción;800
Auditorio Osmán Pérez Freire;Valparaíso;800
Estadio Municipal de Negrete;Negrete;800
Estadio Papelero;Santiago ;800
Estadio Valderrama;San Fernando;800
Estadio Cerro Alto;Los Álamos ;800
Cancha Trinidad de Limache;Limache;800
Estadio Atlético de Quillota;Quillota;800
Estadio Guacolda;Huasco;800
Estadio Mantilhue;Río Bueno ;800
Estadio Municipal de Malalhue;Lanco ;800
Complejo Deportivo La Granja;Cañete;800
Complejo Deportivo Las Almejas;Antofagasta;780
Centro Deportivo y Recreacional Trabajadores Rol B de Codelco;Calama;760
Estadio Cultural Cordillera;Santiago ;750
Estadio Amanecer;Temuco;750
Estadio Municipal de Putaendo;Putaendo;750
Auditorio Manuel Guerrero;Valparaíso;750
Estadio Compañía Chilena de Fósforos;Rengo;750
Cancha Club Deportivo Bandera de Chile;Pirque ;750
Estadio La Faena;Santiago ;746
Estadio Luciano Durandeau Prado;Antofagasta;730
Estadio Municipal de San Gregorio de Ñiquén;Ñiquén ;728
Complejo Deportivo Lautaro;Antofagasta;720
Estadio Las Rejas;Santiago ;720
Estadio Municipal de Galvarino;Galvarino;720
Estadio Municipal de Marchigüe;Marchigüe;720
Estadio Municipal de Palmilla;Palmilla;720
Estadio New Life;Cartagena;720
Estadio Puerto Nuevo;Cartagena;720
Estadio Municipal Cancha N° 2 Asociación de Fútbol de Quintero;Quintero;720
Estadio Municipal de Treguaco;Treguaco;720
Estadio José Orlando González;Algarrobo ;720
Estadio Independiente de Rabuco;Hijuelas ;720
Complejo Deportivo Costanera de Limache;Limache;720
Estadio Diego Portales;Nueva Imperial;700
Estadio ANFA Puerto Aysén;Puerto Aysén;700
Estadio San Joaquín Oriente;Santiago ;700
Estadio ANFA Llanquihue;Llanquihue;700
Estadio Municipal Juan Bucarey;Rinconada de Los Andes;700
Auditorio Pedro Aguirre Cerda;Valparaíso;700
Estadio Complejo Deportivo Municipal Gómez Carreño;Viña del Mar;700
Estadio Colegio Alemán de Valparaíso;Viña del Mar;700
Estadio Municipal de Paredones;Paredones;700
Estadio La Montura;Santiago ;700
Estadio Fiscal de San Felipe;San Felipe;700
Estadio La Obra;Talca;700
Estadio Colegio San Benito;Santiago ;700
Estadio Las Condes;Santiago ;700
Estadio Municipal de Tongoy;Coquimbo ;700
Complejo Deportivo Ulises Aguirre;Paihuano ;700
Estadio Sarmiento;Santiago ;700
Estadio Huamachuco II;Santiago ;700
Estadio El Maitén;Codegua ;700
Estadio Municipal de La Punta;Mostazal ;700
Estadio San Enrique;Chimbarongo ;700
Estadio Municipal de Lebu;Lebu;700
Estadio Unión La Parroquia;Cabildo ;700
Estadio Tricolor El Sobrante;Petorca ;700
Estadio Sector Norte;Arica;669
Estadio Municipal El Boldo;Corral;650
Estadio Atlético Militar;Concepción;650
Estadio Campos Deportivos;Temuco;650
Estadio Liga Popular;Punta Arenas;650
Estadio Municipal de Río Negro;Río Negro;650
Estadio Municipal de Panquehue;Panquehue;650
Estadio La Febre de Ocoa;Hijuelas ;650
Cancha La Bombonera;Osorno;640
Estadio Campeones Por Siempre;Tocopilla;632
Estadio Municipal de Maullín;Maullín;629
Estadio La Candelaria;Maullín ;600
Cancha Sintética Estadio Monumental;Santiago ;600
Estadio Club Deportivo De Rugby y Hockey Old Navy R H C;Viña del Mar;600
Complejo Deportivo Los Llanos;La Serena ;600
Complejo Deportivo El Milagro;La Serena;600
Estadio Vicente Pérez Rosales;Chillán;600
Estadio Arturo Prat;Chillán;600
Estadio Rosita O'Higgins;Chillán;600
Estadio Municipal de Teodoro Schmidt;Teodoro Schmidt;600
Estadio Municipal Carlos Schneeberger;Temuco;600
Estadio Municipal Bicentenario de Pueblo Nuevo;Temuco;600
Complejo Deportivo Rosen;Temuco;600
Estadio Parque Isla Cautín;Temuco;600
Estadio Municipal de Fresia;Fresia;600
Estadio Municipal de Gorbea;Gorbea;600
Estadio Santa Guadalupe;Lautaro;600
Estadio Municipal Coyam;Lonquimay;600
Estadio Panguesillo;Salamanca ;600
Estadio Municipal de Pica;Pica;600
Estadio Municipal de Nancagua;Nancagua;600
Estadio Caupolicán de Huelquén;Paine ;600
Estadio Ferroviario de Paine;Paine;600
Estadio Las Delicias de Viluco;Buin ;600
Estadio Colonia Kennedy;Paine ;600
Estadio Hospital de Pitrufquén;Pitrufquén;600
Complejo Deportivo Universidad de Tarapacá;Arica;600
Estadio Víctor Chávez Alcayaga;Arica;600
Estadio Cerro La Cruz;Arica;600
Estadio Asociación Andina de Fútbol;Arica;600
Estadio Rafael Rivas;Santiago ;600
Estadio Santa Rosa de Chena;Santiago ;600
Estadio Thomas Bata;Peñaflor;600
Estadio Unión San José;Peñaflor;600
Estadio Fiscal Bonifacio Reyes;El Monte;600
Estadio Alto Jahuel Unido;Buin ;600
Estadio Maipo;Buin ;600
Estadio Municipal Patricia;Santiago ;600
Estadio Santa Emilia;María Pinto ;600
Estadio Las Taguas;Curacaví ;600
Estadio Esmeralda;Colina;600
Estadio Parque Mahuidahue;Santiago ;600
Estadio Municipal de Quirihue;Quirihue;600
Estadio Municipal de Navidad;Navidad;600
Estadio Municipal de Quilleco;Quilleco;600
Estadio Marista de Villa Alemana;Villa Alemana;600
Estadio Municipal Lomas de Chorrillos;Viña del Mar;600
Estadio La Bombonera de Bollenar;Melipilla ;600
Estadio San Bernardo de Mallarauco;Melipilla ;600
Estadio Municipal Julio Ruiz Palma;Portezuelo;600
Estadio ANFA Villa Alemana;Villa Alemana;600
Complejo Deportivo Banco Santander;Santiago ;600
Complejo Deportivo Codelco;Santiago ;600
Estadio 21 de Mayo;Talca;600
Estadio José Foncea Aedo;Talca;600
Estadio Santa Ana FC;Talca;600
Estadio Robert Kennedy;Santiago ;600
Estadio Lo Prado;Santiago ;600
Estadio Lo Valledor Norte;Santiago ;600
Campo Deportivo Liga Norte de Fútbol;Lampa ;600
Estadio Escuela Hogar;Curicó;600
Estadio Municipal de Tirúa;Tirúa;600
Estadio Juventud Torino;Rinconada de Los Andes;600
Estadio Carlos González Olivares;Los Vilos ;600
Estadio Liceo San José de Requínoa;Requínoa;600
Complejo Deportivo ANFA Valdivia;Valdivia;600
Estadio Municipal de Queilén;Queilén;594
Estadio La Caleta;Taltal;576
Estadio Municipal de Serón;Río Hurtado ;576
Cancha N°2 Estadio Municipal de Mejillones;Mejillones;576
Estadio Municipal de Curarrehue;Curarrehue;572
Estadio Municipal de Loncoche;Loncoche;560
Estadio Municipal de Los Lirios;Requínoa ;560
Estadio Marista de Quillota Instituto Rafael Ariztía;Quillota;560
Estadio Atlético Carlos Valentín García;Osorno;560
Estadio Chacabuco de El Carmen;El Carmen;560
Estadio Jorquera;Salamanca ;560
Estadio Cuncumén;Salamanca ;560
Estadio Municipal de San Pablo;San Pablo;558
Estadio Municipal de Ollagüe;Ollagüe;550
Estadio Astaburuaga;Talca;550
Estadio Municipal de Retiro;Retiro;545
Complejo Deportivo Alejandro Soria Varas;Iquique;540
Complejo Deportivo Escolar Corvallis;Antofagasta;540
Estadio Municipal de Romeral;Romeral;540
Estadio Municipal de Vichuquén;Vichuquén;540
Cancha Alto del Carmen;Alto del Carmen;540
Complejo Deportivo Santa Elvira;Santiago ;540
Estadio Municipal de Trovolhue;Carahue ;539
Estadio Municipal de Colchane;Colchane;528
Estadio Club Deportivo Pencahue;Pencahue;520
Estadio Sargento Aldea;Santiago ;520
Estadio Francisco Bermúdez;Punta Arenas;510
Estadio Lourdes;Rancagua;504
Cancha N°2 Estadio Monumental;Santiago ;500
Estadio Municipal de Conchalí;Santiago ;500
Estadio Municipal de Cerro Navia;Santiago ;500
Estadio Municipal de Frutillar;Frutillar;500
Complejo Deportivo Sergio Sandoval Parada;Coronel;500
Complejo Deportivo de Rugby UC;Santiago ;500
Estadio Municipal Complejo Nororiente;Rancagua;500
Cancha N°2 Estadio Municipal Lucas Pacheco;Talagante;500
Estadio Anglo American;Nogales;500
Estadio Municipal de Villa Tijeral;Renaico ;500
Estadio Municipal de Lumaco;Lumaco;500
Estadio Municipal de Capitán Pastene;Lumaco ;500
Estadio Municipal de Pozo Almonte;Pozo Almonte;500
Estadio Municipal Benito Juárez;Santiago ;500
Estadio AFAO Media Hacienda;Ovalle;500
Complejo Deportivo Juan Soldado;La Serena ;500
Cancha Parque Espejo del Sol;La Serena ;500
Estadio Escuela Naval Arturo Prat;Valparaíso;500
Estadio Lo Gallardo;San Antonio ;500
Complejo Deportivo Torino;San Antonio ;500
Estadio El Pinar;Santiago ;500
Estadio Municipal de Cherquenco;Vilcún ;500
Complejo Deportivo Esteban Alvarado;Arica;500
Estadio Marista;Santiago ;500
Estadio Clara Estrella;Santiago ;500
Estadio Complejo Deportivo Carlos Abarca González;Santiago ;500
Estadio Los Jardines;Santiago ;500
Estadio Marruecos;Santiago ;500
Cancha Los Cerezos;Calera de Tango;500
Estadio Valdivia de Paine;Buin ;500
Estadio Huracán de Maipo;Buin ;500
Estadio CSD Comercio de Buin;Buin;500
Estadio Linderos;Buin ;500
Estadio José Arrieta;Santiago ;500
Estadio Municipal de Pichidegua;Pichidegua;500
Complejo Deportivo Estrella Manuel Rodríguez;Santiago ;500
Estadio Unión Miraflores;Curacaví ;500
Estadio Atlanta de Curacaví;Curacaví;500
Estadio Unión Chilena;Curacaví ;500
Estadio Municipal de Putú;Constitución ;500
Estadio Campo de Deportes Club Gimnástico Alemán;Llanquihue;500
Estadio Álvaro Salvadores Arias;Lanco;500
Estadio Municipal de Antuco;Antuco;500
Complejo Deportivo Municipal Forestal “Johnatan Araya Olivares”;Viña del Mar;500
Estadio Atlético Instituto Alemán Osorno;Osorno;500
Estadio Municipal de Las Cruces;El Tabo ;500
Complejo Deportivo Orompello;Los Ángeles;500
Estadio Bella Esperanza;Melipilla;500
Estadio El Belloto;Quilpué;500
Estadio Municipal Oriente;Talca;500
Estadio Costanera;Talca;500
Estadio Universidad de Talca;Talca;500
Estadio Colegio San Pedro Nolasco;Santiago ;500
Estadio Santa Filomena;Santa María ;500
Estadio Audino Ortiz;Petorca ;500
Estadio El Bajo;Petorca ;500
Estadio La Ñipa;Petorca ;500
Estadio Paula Jaraquemada;Paine;500
Centro Deportivo Bavaria;Paine;500
Estadio CDS Algarrobo;Paine ;500
Estadio Santa Marta de Champa;Paine ;500
Estadio Pedro José Cuevas;Paine ;500
Estadio Alberto Letelier Llona;Paine ;500
Estadio La Huachera;Paine ;500
Complejo Deportivo Atenas;Coquimbo;500
Estadio Municipal de Hualpín;Teodoro Schmidt ;500
Campo Deportivo Colegio Lincoln International Academy;Colina ;500
Estadio Mirador Viejo;Santiago ;500
"Estadio Vicente ""Potrerillos"" Salinas";Santiago ;500
Canchas de Lo Martínez;Santiago ;500
Complejo Deportivo Fundición Paipote;Copiapó ;500
Estadio O'Higgins de Pueblo de Indios;San Vicente de Tagua Tagua ;500
Complejo Deportivo Marcelo Vásquez;Antofagasta;500
Campo Deportivo Instituto Obispo Silva Lezaeta;Calama;500
Estadio Municipal de Baquedano;Sierra Gorda ;500
Estadio Pedro Cataldo;Panquehue ;500
Estadio La Viña;Cabildo ;500
Complejo Deportivo Bello Horizonte;Puchuncaví ;500
Estadio La Chocota;Puchuncaví ;500
Campo Deportivo Instituto Santa María;Limache;500
Estadio Sotaquí;Ovalle ;500
Campo Deportivo San Alfonso;Los Vilos ;500
Estadio Jedimar;Mostazal ;500
Estadio Mariano Polanco;Pichilemu;500
Estadio Municipal de Tinguiririca;Chimbarongo ;500
Estadio Deportivo Chile;Chimbarongo;500
Estadio Club Deportivo Nuevo Horizonte;Chimbarongo;500
Estadio Español de Linares;Linares;500
Estadio Atlético Universidad del Bío-Bío;Chillán;500
Complejo Deportivo Cuatro Ases;San Carlos ;500
Cancha N°2 Estadio Municipal de Yungay;Yungay;500
Cancha del Cura;Penco ;500
Estadio Forestal;Nacimiento;500
Campo Deportivo Windsor School;Valdivia;500
Estadio Municipal de Purranque;Purranque;500
Estadio Parque Municipal de Castro;Castro;500
Estadio Municipal de Coyhaique;Coyhaique;490
Estadio Municipal de Quemchi;Quemchi;483
Estadio Municipal de Camiña;Camiña;480
Complejo Deportivo Moquella;Camiña ;480
Estadio El Blanquillo;Zapallar ;480
Estadio Municipal de Tierras Blancas;Coquimbo ;480
Estadio Municipal de San Ignacio;San Ignacio;480
Cancha Conay;Alto del Carmen ;480
Estadio Las Brisas;Santiago ;480
Estadio Municipal de San José de la Mariquina;Mariquina;458
Estadio Municipal de Lago Ranco;Lago Ranco;458
Estadio Municipal de Lastarria;Gorbea ;454
Complejo Deportivo Minera Escondida;Antofagasta;450
Estadio Fiscal de Cobquecura;Cobquecura;450
Estadio Florida Loma Blanca;Santiago ;450
Estadio SILA;Los Andes;450
Estadio Colegio Sagrados Corazones de Manquehue;Santiago ;450
Estadio Unión Central Tranquilla;Salamanca ;450
Cancha Jorge Toro;Villa Alemana;450
Complejo Deportivo Asociación de Fútbol Río Elqui;La Serena;450
Estadio Cañahual Llimpo;Salamanca ;448
Estadio Regional de Coyhaique;Coyhaique;444
Estadio Atlético Regional de Coyhaique;Coyhaique;436
Estadio Municipal de Putre;Putre;433
Estadio Municipal Manuel Bustos Guzmán;Machalí ;432
Estadio Municipal de Toconao;San Pedro de Atacama ;432
Estadio Municipal de Quilaco;Quilaco;432
Estadio Municipal Rogelio Ramírez Ogaz;Malloa;420
Estadio Luis Jelves Farías;Papudo;420
Estadio Municipal El Abra;Requínoa;420
Estadio Tricolor de Puerto Montt;Puerto Montt;420
Estadio Municipal San Agustín de Lemuy;Puqueldón ;420
Estadio Municipal de Freirina;Freirina;420
Estadio Camilo Olavarría;Coronel;420
Estadio CD Chillepín;Salamanca ;420
Estadio Santa Teresa;Los Vilos ;420
Campo Deportivo Colegio San Pedro Valle Grande;Lampa ;420
Estadio Dávila;Santiago ;402
"Cancha N° 2 ""Segundo 'Chirimino' Mamani""";Arica;400
Monasterio Celeste;Requínoa;400
Complejo Deportivo Ciudad de Campeones;Santiago ;400
Club de Campo Cobreloa;Calama;400
Estadio Municipal Alejandro Barrientos Barría;Porvenir;400
Estadio Municipal de Contulmo;Contulmo;400
Estadio Municipal de Puaucho;San Juan de la Costa ;400
Estadio Municipal de La Reina;Santiago ;400
Estadio Villa Ríos;Santiago ;400
Estadio Municipal de Alhué;Alhué;400
Estadio Juventud Los Perales;Villa Alhué;400
Estadio Municipal de Renaico;Renaico;400
Estadio Tegualda;Temuco;400
Cancha Microbuseros;Temuco ;400
Estadio Municipal de Ercilla;Ercilla;400
Estadio Pillanlelbún;Lautaro ;400
Parque Los Pinares;Antofagasta;400
Complejo Deportivo 23 de Marzo;Calama;400
Estadio Independencia;Calama;400
Estadio Municipal de Los Loros;Tierra Amarilla ;400
Complejo Deportivo Tabaqueros;Río Hurtado) ;400
Estadio Municipal Botafogo;Viña del Mar;400
Campo Deportivo Colegio de los Sagrados Corazones Padres Franceses;Viña del Mar;400
Estadio Estrella de Nazareth;Peñaflor;400
Campo Deportivo Pablo Vargas;El Monte;400
Estadio Colegio del Verbo Divino;Santiago ;400
Estadio Nuevo Amanecer;Santiago ;400
Estadio San Luis de Campolindo;Curacaví;400
Estadio Tomás Castillo;Diego de Almagro;400
Complejo Deportivo Pisco Elqui;Paihuano ;400
Estadio Santa Filomena;Colina;400
Campo Deportivo Colegio Dunalastair Chicureo;Colina ;400
Campo Deportivo Colegio San José de Chicureo;Colina ;400
Complejo Deportivo COF ;Colina;400
Estadio Unión Retiro;Hijuelas;400
Estadio Municipal de Puqueldón;Puqueldón;400
Auditorio Alfredo Guillermo Bravo;Valparaíso;400
Estadio Municipal de Tucapel;Tucapel;400
Estadio El Bajo;Melipilla;400
Estadio Santa Rosa de Chocalán;Melipilla ;400
Estadio Lidia Matte;Melipilla ;400
Estadio Pedro Marín Fernández;Melipilla ;400
Estadio Unión Balmaceda;Melipilla;400
Estadio Unión San Ignacio;Calera de Tango;400
Cancha Santa Ana;Santiago ;400
Estadio Lo Velásquez;Santiago ;400
Estadio 21 de Mayo;Curicó;400
Estadio Vicente Acuña Parra;Talca;400
Estadio Aurora de Chile;Talca;400
Estadio Manuel Ahumada Cirano;Talca;400
Complejo Deportivo Flor del Llano;San Clemente;400
The Craighouse School Sport Campus;Santiago, ;400
Estadio Municipal de Crucero;Río Bueno, ;400
Complejo Deportivo Santa Catalina;Santiago, ;400
Estadio Villaseca;Buin;400
Cancha El Cerrillo;Buin ;400
Estadio Santa Loreto;Buin ;400
Estadio Club Deportivo Real Madrid de Paine;Paine;400
Estadio Emilio Núñez;Paine ;400
Estadio Chada;Paine ;400
Campo Deportivo Juventud Ovalle;San Francisco de Mostazal;400
Cancha Chica Olivar Alto;Olivar ;400
Estadio La Higuera;Santa María ;400
Cancha N° 3 Estadio Municipal de San Bernardo;Santiago ;400
Cancha El Faro;Santiago ;400
Complejo Deportivo Liga Nuñoa;Santiago ;400
Complejo Deportivo Liga San José - Liga Lipangue;Lampa ;400
Campo Deportivo Campus Antumapu;Santiago ;400
Complejo Deportivo Liga Amigos del Fútbol;Santiago ;400
Complejo Deportivo Huechuraba;Santiago ;400
Complejo Deportivo Rinconada;Santiago ;400
Complejo Deportivo Liga Unida de Fútbol;Santiago ;400
Complejo Deportivo Liga La Reina;Santiago ;400
Club El Valle Ciudad Empresarial;Santiago ;400
Estadio Pedro Valenzuela;Cabildo ;400
Estadio Ferro Minas Lambert;La Serena ;400
Complejo Deportivo CORDEP El Paraíso;La Serena;400
Cancha Limarí;Ovalle ;400
Estadio Nueva Aurora;Ovalle ;400
Estadio Gregorio Estay;Puchuncaví ;400
Complejo Deportivo Minera Florida;Alhué ;400
Estadio Cincuentenario;Coihueco;400
Estadio Maitenco;Treguaco ;400
Estadio Grado Vocacional;Yungay;400
Estadio El Morro de Campanario;Yungay ;400
Complejo Deportivo Las Salinas;Talcahuano;400
Cancha La Bombonera;Concepción;400
Estadio Independiente de Paillihue;Los Ángeles ;400
Estadio Municipal de Estación Yumbel;Yumbel ;400
Cancha Coinac;Nacimiento;400
Campo Deportivo Avenida Estación;Nacimiento;400
Estadio Villa Esperanza;Mulchén;400
Estadio Huequén;Angol ;400
Estadio Teja Independiente;Valdivia;400
Cancha Parque Saval;Valdivia;400
Estadio Pablo Mesas;Valdivia;400
Canchas Parque Urbano Catrico;Valdivia;400
Cancha Municipal Trébol Sur;Valdivia;400
Cancha Club Deportivo Naval Calle Calle;Valdivia;400
Estadio Club Deportivo Estrella;Frutillar;400
Estadio Municipal Luis Sánchez;Puerto Williams;400
Estadio Municipal de Niebla;Valdivia;375
Estadio Municipal de Puerto Chacabuco;Aysén;370
Estadio San Gregorio;Santiago ;360
Estadio Municipal de San Fabián de Alico;San Fabián de Alico;360
Estadio Municipal de Quidico;Tirúa ;360
Estadio Municipal de Pencahue;Pencahue;360
Estadio Municipal de La Higuera;La Higuera;360
Estadio Municipal de Pichasca;Río Hurtado ;360
Estadio Municipal de Licantén;Licantén;360
Auditorio Municipal Benito Parraguez;Valparaíso;360
Estadio 18 de Septiembre;Talca;360
Complejo Deportivo Belgrano;Talca;360
Estadio San Ramón de Graneros;Graneros;360
Cancha Estrella del Oriente;Paihuano ;358
Estadio Municipal Guillermo Castillo Alaniz;Maule;350
Estadio Municipal Las Salinas;Gorbea;350
Estadio Municipal de Villa Los Boldos;Toltén ;350
Estadio Municipal de Ránquil;Ñipas;350
Estadio Municipal de La Estrella;La Estrella;350
Estadio Municipal de La Tirana;Pozo Almonte ;350
Estadio Municipal Guillermo Barrios Vargas;Curepto;350
Complejo Deportivo Municipal El Maitén;Viña del Mar;350
Estadio Municipal de San Rosendo;San Rosendo;350
Estadio La Florida;Talca;350
Estadio Numpay;Maule ;350
Estadio Municipal de Reumén;Paillaco ;350
Estadio Chacao;Ancud ;350
Campo Deportivo Colegio Fernando de Aragón Puente Alto;Santiago ;350
Las Siete Canchas de Renca;Santiago ;350
Estadio Deportivo Católica;Rinconada de Los Andes;350
Estadio Municipal Arturo Allanao;Puerto Cisnes;348
Estadio Arturo Rojas Paredes;Santiago ;336
Estadio La Chuchoca;Melinka;336
Estadio Municipal Sergio ‘Cholo’ Barrios;Licantén ;336
Estadio Michaihue;Concepción ;336
Estadio Municipal de Futaleufú;Futaleufú;334
Estadio Lo Hermida;Santiago ;325
Estadio Municipal de Pahuil;Chanco ;325
Estadio Municipal de Villa Mañihuales;Aysén ;324
Estadio Domeyko;Vallenar ;320
Estadio Ciruelos;Mariquina ;316
Estadio Los Jardines;Santiago ;315
Estadio Unión Palestino;Cañete;310
Estadio Viejos Cracks;Puerto Montt;302
Centro Deportivo Conchalí;Santiago ;300
Estadio Los Maitenes;San José de Maipo ;300
Campo Deportivo San Alfonso;San José de Maipo ;300
Estadio Huertos Familiares;Til Til ;300
Estadio Ferroviario Polpaico;Til Til ;300
Estadio Rungue;Til Til ;300
Estadio Montenegro;Til Til ;300
Estadio Mayor;Santiago ;300
Estadio Campo Militar Peñalolén;Santiago ;300
Club de Campo Entel;Santiago ;300
Campo Deportivo Facultad de Economía y Empresa UDP;Santiago, ;300
Estadio San Ignacio;Santiago ;300
Estadio Español de Las Condes;Santiago ;300
Club Palestino;Santiago ;300
Estadio Colegio Alemán de Santiago;Santiago ;300
Estadio Colegio Wenlock School;Santiago ;300
Sport Campus Nido de Águilas;Santiago ;300
Campo Deportivo Colegio Santiago College;Santiago ;300
Club Médico;Santiago ;300
Estadio Sebastián Gaete;Arauco;300
Estadio Municipal de Ramadillas;Arauco ;300
Estadio Nonguén;Concepción ;300
Campo Deportivo Bellavista;Concepción;300
Cancha Lan B;Concepción ;300
Estadio Municipal de Chaitén;Chaitén;300
Estadio Municipal de Guanaqueros;Coquimbo ;300
Estadio Cendyr Manutara;Santiago ;300
Estadio Polideportivo Enrique Soro;Santiago ;300
Estadio Enel;Santiago ;300
Complejo Deportivo Costanera Norte;Antofagasta;300
Cancha Villa Ascotán;Calama;300
Cancha Roja;Calama;300
Campo Deportivo Colegio Chuquicamata;Calama;300
Estadio América de El Monte;El Monte;300
Cancha Deportivo Caupolicán;El Monte;300
Estadio Municipal de Ninhue;Ninhue;300
Cancha Esmeralda;Calama;300
Estadio Banco de Chile;Santiago ;300
Complejo Deportivo Talinay;Santiago ;300
Estadio Academia Politécnica Naval;Viña del Mar;300
Complejo Deportivo La Higuera;Ovalle;300
Complejo Deportivo La Chimba;Ovalle ;300
Campo Deportivo Unión Campesina;Ovalle ;300
Complejo Deportivo Profesores;Ovalle;300
Campo Deportivo Parque Gabriel Coll;La Serena;300
Complejo Deportivo Don Florito;Coquimbo ;300
Cancha Liga Amateur Río Huatulame;Monte Patria ;300
Complejo Deportivo Bajos de Matte;Buin;300
Estadio Santa Rita;Buin ;300
Cancha Cruz del Sur;Buin ;300
Estadio Estrella de Huelquén;Paine ;300
Estadio San Javier del Tránsito;Paine ;300
Estadio Club Deportivo Aculeo;Paine ;300
Cancha Águila Sur;Paine ;300
Cancha Águila Norte;Paine ;300
Cancha Santa Eugenia;Paine;300
Estadio Santa Teresa de Huelquén;Paine ;300
Cancha La Victoria;Paine ;300
Cancha Santa Teresa de Escorial;Paine ;300
Estadio Renacer de Lo Herrera;San Bernardo ;300
Estadio San Jorge de Los Morros;Santiago ;300
Estadio San Adolfo;Santiago ;300
Cancha Santa Filomena de Nos;Santiago ;300
Estadio Esteban Bustos Muñoz;Santiago ;300
Cancha Santa Marta;Santiago ;300
Estadio Lautaro de La Laguna;Zapallar ;300
Cancha Club Deportivo Loncura;Quintero ;300
Estadio Club Deportivo Jocelyn;La Cruz ;300
Estadio Juan Stambuk;Olmué;300
Cancha Quebrada de Alvarado;Olmué;300
Cancha Club Deportivo Granizo;Olmué;300
Estadio Limachito;Limache;300
Cancha Los Leones;Limache;300
Estadio El Bajío;Quillota;300
Estadio Rural Daniel Durán;Quillota;300
Estadio Agroil de Boco;Quillota ;300
Campo Deportivo 20 de Septiembre;Quillota ;300
Campo Deportivo Colegio Diego Echeverría;Quillota;300
Estadio José Muñoz;Casablanca ;300
Estadio Santa Bárbara;Casablanca;300
Estadio Lagunillas;Casablanca ;300
Estadio Francisco Bulnes;Panquehue ;300
Cancha Mirador;Panquehue;300
Estadio Fundición Chagres;Catemu;300
Cancha Juventud Santa Rosa;Catemu;300
Cancha Monte Grande;Cabildo;300
Estadio Unión El Valle;Petorca ;300
Estadio Sol Naciente;Petorca ;300
Estadio Unión Serrano;La Ligua;300
Estadio Club Deportivo Flecha;La Ligua;300
Campo Deportivo La Higuera;La Ligua ;300
Estadio Brusan;La Ligua ;300
Cancha Santa Clara;San Esteban ;300
Cancha El Cobre;San Esteban;300
Cancha Independiente San Esteban;San Esteban;300
Cancha Los Chacayes;San Esteban ;300
Cancha Club Deportivo Horcón;Puchuncaví ;300
Estadio Rinconada de Alcones;Marchigüe ;300
Estadio Santa Elena de Codao;Peumo ;300
Estadio Honorino Landa;Santiago ;300
Estadio Presidente Kennedy;Santiago ;300
Estadio Zambrano;Santiago ;300
Estadio Villa Ecuador;Santiago ;300
Campo Deportivo Instituto La Salle;Santiago ;300
Estadio Club Deportivo Colonia;Santiago ;300
Estadio Escolar Municipal de Peñaflor;Peñaflor;300
Estadio CSD Peñaflor;Peñaflor;300
Cancha Unión Escudo;Peñaflor;300
Canchas Liga San Javier;Peñaflor ;300
Cancha Santa Sofía;Calera de Tango;300
Estadio Julio Covarrubias;Santiago ;300
Campo Deportivo Ricardo Claro Valdés;Santiago ;300
Cancha N°3 Estadio Municipal Lucas Pacheco Toro;Talagante;300
Cancha Nueva Imperial;Talagante;300
Cancha Club Deportivo Talagante;Talagante;300
Cancha Domingo Toro Herrera;Talagante;300
Estadio El Roto Chileno;Talagante ;300
Cancha Santa Gabriela;Talagante ;300
Estadio CD Brisas del Maipo;Isla de Maipo ;300
Cancha Gabriela Mistral;Isla de Maipo ;300
Cancha Estrella de San Luis;Isla de Maipo;300
Cancha Club Deportivo Gacitúa;Isla de Maipo;300
Cancha Nacional Miraflores;Isla de Maipo ;300
Cancha Vicente Salinas;Isla de Maipo ;300
Cancha Las Mercedes;Isla de Maipo ;300
Cancha San Vicente de Naltagua;Isla de Maipo ;300
Cancha Bandera de Chile;Isla de Maipo ;300
Estadio Las Mercedes;María Pinto ;300
Estadio Vista Hermosa;María Pinto ;300
Estadio Rosa Elvira Matte;María Pinto ;300
Estadio Río de la Plata;Curacaví;300
Estadio Ramón Noguera;Melipilla ;300
Cancha Unión Esmeralda;Melipilla ;300
Estadio Carmen Bajo;Melipilla ;300
Estadio San Alfonso de Codigua;Melipilla ;300
Cancha La Cabaña;Melipilla ;300
Cancha Estrella de Culiprán;Melipilla ;300
Cancha Unión Culiprán;Melipilla ;300
Cancha Arturo Prat de Loica;San Pedro ;300
Cancha La Manga;San Pedro ;300
Cancha Montealegre de Corneche;San Pedro ;300
Campo Deportivo Sergio Parra;Lampa ;300
Estadio Ferro Lampa;Lampa ;300
Cancha La Vilana;Lampa ;300
Estadio Club Deportivo Lo Castro;Lampa ;300
Estadio Club Deportivo Alianza de Santo Domingo;Santo Domingo;300
Estadio Municipal de Paihuano;Paihuano;300
Campo Deportivo Nueva Talcuna;Vicuña ;300
Cancha La Pampilla de San Isidro;Vicuña ;300
Cancha Joaquín Vicuña;Vicuña;300
Estadio Los Pimientos;Vicuña ;300
Estadio El Tambo;Salamanca ;300
Cancha Quelén Bajo;Salamanca ;300
Estadio Quilimarí;Los Vilos ;300
Estadio Santa Mónica de Litueche;Litueche;300
Estadio La Boca;Navidad ;300
Estadio Municipal de Pichirropulli;Paillaco ;300
Estadio Santa Filomena;Paillaco ;300
Campo Deportivo Colegio San Lorenzo;Copiapó;300
Estadio Inca de Oro;Diego de Almagro ;300
Cancha Samo Alto;Río Hurtado ;300
Complejo Deportivo Municipal Santa Julia;Viña del Mar;300
Cancha Villa Dulce;Viña del Mar;300
Estadio Municipal El Salto;Viña del Mar;300
Campo Deportivo Colegio Albamar Concón;Concón;300
Campo Deportivo Colegio Aconcagua;Quilpué;300
Cancha Atlético Baquedano;Villa Alemana;300
Estadio Municipal de Cochamó;Cochamó;300
Estadio Marista de Curicó;Curicó;300
Cancha Estrella de Maipú Sur;Santiago ;300
Cancha 4 Álamos;Santiago ;300
Cancha El Maitén;Maipú ;300
Complejo Deportivo Bajos de Mena;Santiago ;300
Estadio San Gerónimo;Santiago ;300
Estadio Villa Padre Hurtado;Santiago ;300
Complejo Deportivo Nocedal;Santiago ;300
Complejo Deportivo San Guillermo;Santiago ;300
Estadio Población Maipo;Santiago ;300
Estadio Aurora de Chile;Santiago ;300
Cancha Club Deportivo Baquedano;Pirque ;300
Cancha El Huingán;Pirque;300
Cancha San Vicente;Pirque;300
Campo Deportivo Colegio Almenar de Pirque;Pirque;300
Campo Deportivo Santa Luisa de Pirque;Pirque ;300
Cancha Las Vertientes;San José de Maipo ;300
Cancha El Manzano;San José de Maipo ;300
Cancha Alfredo Ríoseco;San José de Maipo;300
Cancha El Melocotón;San José de Maipo ;300
Cancha Los Copihues;Talca;300
Estadio Club Deportivo Colbún;Maule ;300
Estadio Club Deportivo Independiente de Almendral;San Felipe;300
Estadio Ejército Libertador;San Felipe ;300
Estadio Atlético Lautaro El Tambo;San Felipe ;300
Estadio Club Deportivo Villa Alhué;Alhué;300
Cancha Barrancas de Pichi;Alhué ;300
Complejo Deportivo Parque Brasil;Santiago ;300
Estadio Liga La Bandera;Santiago ;300
Estadio Villa Sur;Santiago ;300
Estadio San Joaquín Poniente;Santiago ;300
Estadio Carlos Carter N.;Santiago ;300
Campo Deportivo Colegio Santa Cruz de Chicureo;Colina ;300
Campo Deportivo Colegio Kimen Montessori;Colina ;300
Campo Deportivo Colegio del Verbo Divino Chicureo;Colina ;300
Campo Deportivo Colegio San Anselmo;Colina ;300
Campo Deportivo AZA;Colina;300
Cancha Juventud San Martin;Colina ;300
Cancha Santa Marta;Colina ;300
Cancha Independiente de Liray;Colina ;300
Cancha Unión Lo Pinto;Colina ;300
Campo Deportivo Escuela de Suboficiales de Carabineros Fabriciano González Urzúa;Santiago ;300
Estadio Esfocar;Santiago ;300
Estadio Real Capricornio;Graneros;300
Campo Deportivo Karina Carrasco Lobos;Graneros;300
Cancha El Molino;Graneros ;300
Campo Deportivo Santa María del Arrozal;Graneros ;300
Estadio Nuevos Campos;Graneros ;300
Campo Deportivo Las Higueras;Graneros ;300
Estadio La Morera;Codegua ;300
Cancha N° 3 Juan Reyes Carrasco;Rancagua;300
Campo Deportivo Nacional de Rosario;Rengo ;300
Estadio Marista de San Fernando;San Fernando;300
Estadio Estrella Azul;Vichuquén ;300
Estadio Mininco;Collipulli ;300
Estadio Turingia;Temuco;300
Estadio Ribera Venecia;Temuco;300
Complejo Deportivo UFRO;Temuco;300
Campus Deportivo UCT;Temuco;300
Estadio Parque Thiers;Nueva Imperial;300
Cancha El Roble;Llay Llay ;300
Estadio Polideportivo Codelco División Andina;Los Andes;300
Cancha CSD Condoroma;Los Andes ;300
Complejo Deportivo Diamante;Rinconada de Los Andes;300
Estadio Unión San Pedro;Rinconada de Los Andes;300
Estadio Casuto;Rinconada de Los Andes ;300
Estadio Juvenil Bangú;Rinconada de Los Andes;300
Cancha Atlético Cultural Balmaceda;San Antonio;300
Estadio Coresa San Juan;San Antonio ;300
Complejo Deportivo La Capilla;Calle Larga;300
Estadio Andrés Montenegro;Calle Larga ;300
Estadio CD Unión Santa Amelia;Mostazal ;300
Campo Deportivo Unión Arrayán;Mostazal ;300
Campo Deportivo Nacional Candelaria;Mostazal ;300
Cancha El Rincón;Mostazal ;300
Campo Deportivo Juventud;Olivar ;300
Estadio FC Carrizal;Quinta de Tilcoco ;300
Estadio Las Cruces;San Vicente de Tagua Tagua;300
Cancha San Luis;Chimbarongo;300
Campo Deportivo Las Mariposas;Chimbarongo ;300
Campo Deportivo Las Palmeras;Chimbarongo ;300
Cancha Tres Puentes;Chimbarongo ;300
Campo Deportivo El Carrizal;Chimbarongo ;300
Campo Deportivo Santa Isabel;Chimbarongo ;300
Campo Deportivo Quicharco;Chimbarongo ;300
Cancha El Rincón;Chimbarongo ;300
Campo Deportivo La Chipana;Chimbarongo ;300
Estadio Los Volcanes;Chillán;300
Estadio Luis Cruz Martínez;Chillán;300
Estadio Ultraestación;Chillán;300
Campo Deportivo Colegio Alemán de Chillán;Chillán;300
Complejo Deportivo Tiempo Libre;Chillán;300
Cancha N°2 Complejo Deportivo Quilamapu;Chillán;300
Cancha Buenos Amigos;Chillán;300
Cancha Sarita Gajardo;Chillán;300
Cancha Estrella Azul de Quinquehua;Chillán ;300
Cancha Unión Victoria;Chillán ;300
Estadio Esperanza de Cato;Chillán ;300
Estadio Rucapequén;Chillán Viejo ;300
Cancha Lajuelas;San Nicolás ;300
Cancha Los Sauces;San Nicolás ;300
Cancha Puente Ñuble;San Nicolás ;300
Cancha Ismael Martin;San Nicolás ;300
Cancha El Manzano;San Nicolás ;300
Cancha Dadinco;San Nicolás ;300
Cancha Los Aromos;San Nicolás ;300
Estadio Municipal N°2 de San Carlos;San Carlos;300
Cancha Ricardo Méndez;San Carlos;300
Cancha 11 de Septiembre;San Carlos;300
Estadio Octavio Maldonado;Ñiquén ;300
Estadio Lautaro de Coihueco;Coihueco;300
Cancha Arturo Prat de Coihueco;Coihueco;300
Estadio Nahueltoro;Coihueco ;300
Estadio El Carmen de Cato;Coihueco ;300
Cancha Unión Zañartu;Coihueco ;300
Estadio Diamantes de Miraflores;Coihueco ;300
Estadio Deportivo Bustamante;Coihueco ;300
Estadio La Viñita;Coihueco ;300
Cancha Halcones Rojos de Talquipén;Coihueco ;300
Cancha Luis Cruz Martínez de Roblería;Coihueco ;300
Estadio Buchupureo;Cobquecura ;300
Cancha Población Unida;Quirihue;300
Estadio Nueva Aldea;Ránquil ;300
Estadio Renacer;San Ignacio;300
Estadio Municipal de Pueblo Seco;San Ignacio ;300
Estadio Municipal de Quiriquina;San Ignacio ;300
Cancha Las Quilas;San Ignacio ;300
Cancha Yanine;Bulnes;300
Estadio Cholguán;Yungay ;300
Complejo Deportivo Dichato;Tomé ;300
Cancha Los Tilos;Tomé;300
Estadio San Vicente;Talcahuano;300
Campo Deportivo Fuerte Borgoño;Talcahuano;300
Cancha Talcamávida;Hualqui ;300
Cancha Unihue;Hualqui ;300
Estadio Marcial Muñoz Barrenechea;Lota;300
Estadio Villa Todos Los Santos;Los Ángeles;300
Estadio Vicuña Mackenna;Los Ángeles;300
Canchas Monte Cea;Los Ángeles;300
Estadio Virquenco;Los Ángeles ;300
Estadio Club Deportivo Diego Portales;Yumbel;300
Campo Deportivo Estrella de Chile;Yumbel;300
Estadio Río Claro;Yumbel ;300
Cancha Samuel Orellana;Nacimiento;300
Cancha Jorge Montt;Nacimiento;300
Cancha San Gabriel de Rihue;Negrete ;300
Complejo Deportivo Mulchén;Mulchén;300
Cancha Villa Las Flores;Quilleco );300
Cancha O'Higgins de Las Canteras;Quilleco ;300
Estadio Municipal de Toltén;Toltén;300
Estadio Queule;Toltén ;300
Estadio Municipal de Cholchol;Cholchol;300
Estadio Juan Alberto Reina;Cholchol;300
Estadio Municipal General López;Vilcún ;300
Estadio Municipal de Los Laureles;Cunco ;300
Estadio Municipal de Quepe;Freire ;300
Estadio Municipal de Radal;Freire ;300
Estadio Municipal de Ñancul;Villarrica ;300
Estadio Municipal de Huiscapi;Loncoche ;300
Estadio ANFA Futrono;Futrono;300
Campo Deportivo Colegio María Deogracia;Futrono;300
Estadio Universitario UACH;Valdivia;300
Cancha Nelson Ríos;Valdivia;300
Complejo Deportivo Unión Wanderers General Lagos;Valdivia;300
Estadio Collico;Valdivia;300
Estadio Heriberto Klocker;Purranque ;300
Estadio Nueva Braunau;Puerto Varas ;300
Estadio San Pedro de Carelmapu;Maullín ;300
Estadio Rolecha;Hualaihué ;300
Estadio Municipal de Sierra Gorda;Sierra Gorda;280
Estadio Santa María;Alto Hospicio;280
Estadio Municipal de Calbuco;Calbuco;279
Complejo Deportivo Daniel Fernández Rojas;Vallenar;270
Campo Deportivo Colegio Cumbres;Santiago ;260
Estadio Municipal de Chile Chico;Chile Chico;256
Estadio Croata;Santiago ;250
Estadio Municipal Luis Gómez Triviño;Cochrane;250
Estadio Municipal de Villa O'Higgins;Villa O'Higgins;250
Estadio Sausalito 2;Viña del Mar;250
Complejo Deportivo 89;Viña del Mar;250
Estadio Municipal de Bucalemu;Paredones ;250
Cancha Universidad Católica del Maule;Talca;250
Campo Deportivo Marcos Trincado;Rengo;250
Estadio Lago Rupanco;Osorno;250
Estadio Kinross Gold Chile;Copiapó ;250
Estadio Municipal El Pueblo;Monte Patria ;250
Estadio Cóndor;Panguipulli;250
Complejo Deportivo Malaquías Concha;Santiago ;245
Estadio Medio Camino;Talcahuano;240
Estadio Municipal de Palena;Palena;240
Estadio Mutrún;Constitución;240
Cancha Corre y Vuela;Monte Patria ;240
Estadio Hurtado;Río Hurtado;240
Cancha Las Curacas;Santiago ;240
Estadio Municipal de Trupán;Tucapel ;230
Estadio Municipal de Polcura;Tucapel ;230
Complejo Deportivo Villa Ayquina;Calama;228
Estadio Real Aeropuerto;Santiago ;220
Estadio Liga O'Higgins;Calama;210
Estadio El Llano;Santiago ;210
Centro Deportivo Azul;Santiago ;200
Complejo Deportivo Juan Pinto Durán;Santiago ;200
Complejo Deportivo M11;Temuco ;200
Complejo Deportivo Unión San Felipe;San Felipe;200
Complejo Deportivo San Isidro;Quillota;200
Centro Deportivo Everton;Viña del Mar;200
Complejo Deportivo La Alpina;La Serena;200
Complejo Deportivo Cesare Rossi Banchero;Iquique;200
Complejo Deportivo Sopraval;La Calera;200
Complejo Deportivo Mantagua;Quintero ;200
Cancha N°2 Estadio Santa Laura;Santiago ;200
Complejo Deportivo Magallanes;Santiago (Malloco, Peñaflor);200
Complejo Deportivo Deportes Melipilla;Melipilla ;200
Cancha N°2 Estadio Roberto Bravo Santibáñez;Melipilla;200
Complejo Deportivo Raúl Narváez Gómez;Curicó ;200
Complejo Deportivo Fortaleza Rojinegra;Talca;200
Complejo Deportivo Rangers Fútbol Joven;Talca;200
Complejo Deportivo Ñublense;Coihueco ;200
Campos Deportivos de Nonguén;Concepción ;200
Campo Deportivo Campanil UdeC;Concepción;200
Complejo Deportivo Santa Julia N°2;Santiago ;200
Estadio Triángulo de Villa Francia;Santiago ;200
Cancha Parque Bernardo Leighton;Santiago ;200
Estadio Universidad de Atacama;Copiapó;200
Campo Deportivo Scuola Italiana Giuseppe Verdi;Copiapó;200
Cancha Parque El Pretil;Copiapó;200
Complejo Deportivo ANFA Copiapó;Copiapó;200
Complejo Deportivo Balmaceda;Copiapó;200
Estadio Quinta Normal;Santiago ;200
Campo Deportivo Colegio Hispano Americano;Santiago ;200
Cancha Atacama;Santiago ;200
Complejo Deportivo Cementerio General;Santiago ;200
Cancha Padre Undurraga;Santiago ;200
Cancha Nueva La Obra;Santiago ;200
Canchas Parque Santa Mónica;Santiago ;200
Club Santa Rosa de Huechuraba;Santiago ;200
Estadio Rosen Santiago;Santiago ;200
Estadio Juanita Aguirre;Santiago ;200
Cancha Cardenal Caro;Santiago ;200
Cancha Santa Inés;Santiago ;200
Estadio Peñalolén;Santiago ;200
Cancha Juvenil Católico;Santiago ;200
Campo Deportivo Colegio Pedro de Valdivia Peñalolén;Santiago ;200
Complejo Deportivo Villa Galvarino;Santiago ;200
Estadio Municipal de La Junta;La Junta, Cisnes;200
Estadio Municipal de Río Ibáñez;Puerto Ingeniero Ibáñez;200
Estadio Municipal Santa Julia;Viña del Mar;200
Estadio Caupolicán;Viña del Mar;200
Cancha Tamarugal;Viña del Mar;200
Complejo Deportivo Funcionarios Municipales;Viña del Mar;200
Cancha Campus Rodelillo Universidad Viña del Mar;Viña del Mar;200
Complejo Deportivo Municipal Miraflores;Viña del Mar;200
Complejo Deportivo Colegio Capellán Pascal;Viña del Mar;200
Pista Atlética de Viña del Mar;Viña del Mar;200
Cancha Parroquial;Viña del Mar;200
Cancha Villa Independencia;Viña del Mar;200
Cancha Flecha Verde;Viña del Mar ;200
Cancha Estrella de Reñaca;Viña del Mar ;200
Cancha Villa Linda José Domingo Rojas;Viña del Mar;200
Cancha Villa Hermosa;Viña del Mar;200
Complejo Deportivo Carlos Dittborn de Montedónico;Valparaíso;200
Campo Deportivo Colegio Montemar;Concón;200
Cancha El Carmen;Concón;200
Cancha Santa Julia;Quintero ;200
Estadio Correa Montt;Santiago ;200
Estadio Liceo Salesiano Manuel Arriarán Barros;Santiago ;200
Estadio Campo Deportivo Juan Gómez Millas;Santiago ;200
Campus Joaquín Cabezas García UMCE;Santiago ;200
Campo Deportivo Colegio San Agustín;Santiago ;200
Campo Deportivo Colegio Calasanz;Santiago ;200
Complejo Deportivo Los Alerces;Santiago ;200
Complejo Deportivo Jaime Eyzaguirre;Santiago ;200
Campo Deportivo El Patrocinio de San José;Santiago ;200
Campo Deportivo Colegio Tabancura;Santiago ;200
Campo Deportivo Colegio The Newland School;Santiago ;200
Estadio Colegio Monte Tabor y Nazaret;Santiago ;200
Estadio Colegio Huinganal;Santiago ;200
Campo Deportivo Instituto Hebreo;Santiago ;200
Complejo Deportivo Liga Puente Nuevo;Santiago ;200
Cancha Raúl Labbé;Santiago ;200
Club Deportivo Alumni;Santiago ;200
Campo Deportivo Regimiento Buin;Santiago ;200
Estadio Escuela de Suboficiales del Ejército de Chile;Maipú ;200
Estadio Santa Blanca;Curacaví ;200
Estadio Lolenco;Curacaví ;200
Estadio Colo Colo Curacaví;Curacaví;200
Cancha Alianza 11;Curacaví;200
Cancha Lo Prado;Curacaví ;200
Cancha Santa Inés;Curacaví ;200
Estadio Leonardo González;Curacaví ;200
Estadio Unión Juventud Curacaví;Curacaví;200
Cancha Estrella Solitaria de Casas Viejas;Santiago ;200
Cancha Manuel Rodríguez;Santiago ;200
Cancha Colonia El Peral;Santiago ;200
Cancha Los Hornitos;Santiago ;200
Cancha Villa Puente Alto;Santiago ;200
Cancha Volcanita;Santiago ;200
Complejo Deportivo MOP;Santiago ;200
Cancha San Juan de Pirque;Pirque;200
Cancha La Puntilla;Pirque;200
Cancha Sigfriedo Bic;Pirque;200
Cancha Club Deportivo José Miguel Carrera;Pirque ;200
Campo Deportivo El Cruceral;Pirque;200
Cancha Los Silos;Pirque;200
Cancha El Llano;Pirque;200
Cancha La Católica;Pirque;200
Canchas Centro de Eventos Ruca Mapu;Pirque;200
Cancha San Rafael;Pirque;200
Cancha Panzer RC;Pirque ;200
Cancha Independiente San Gabriel;San José de Maipo ;200
Cancha Centro Recreacional Guayacán;San José de Maipo ;200
Estadio Los Bajos de San Agustín;Calera de Tango;200
Cancha Santa Inés;Calera de Tango;200
Cancha San Agustín;Calera de Tango;200
Campo Deportivo Colegio La Misión;Calera de Tango;200
Estadio Municipal de Hornopirén;Hualaihué ;200
Estadio Municipal de Alto Biobío;Alto Biobío;200
Estadio Municipal de Huara;Huara;200
Cancha Tarapacá;Huara ;200
Estadio Mamiña;Pozo Almonte ;200
Cancha Matilla;Pica ;200
Estadio Municipal de Socaire;San Pedro de Atacama ;200
Estadio Chiu Chiu;Calama ;200
Estadio Municipal de Villa La Tapera;Lago Verde ;200
Estadio Huyar Alto;Curaco de Vélez ;200
Estadio Los Palquis;Curaco de Vélez ;200
Estadio Municipal de Aquelarre;Vichuquén;200
Estadio Pomaire;Melipilla ;200
Complejo Deportivo Eduardo Morandé Fernández;Melipilla ;200
Complejo Deportivo Santa Eliana del Carmen de Codigua;Melipilla ;200
Estadio Pedro Araya;Melipilla ;200
Estadio Unión La Viluma;Melipilla ;200
Estadio Unión La Vega;Melipilla ;200
Cancha San Eugenio de Cholqui;Melipilla ;200
Cancha Sol de Calama;Melipilla;200
Cancha Manantiales;Melipilla ;200
Estadio San Luis de Las Rosas;Melipilla ;200
Cancha Pumas FC;Melipilla ;200
Cancha Colonias de Puangue;Melipilla ;200
Estadio Libertad de Bollenar;Melipilla ;200
Estadio Santa Clara de Mallarauco;Melipilla ;200
Estadio San Ignacio de Mallarauco;Melipilla ;200
Estadio Club Deportivo Bandera;Melipilla ;200
Cancha Flor de Chile;Melipilla ;200
Campo Deportivo Pedro Yáñez;Melipilla ;200
Cancha Nacional Mallarauco;Melipilla ;200
Cancha Unión Santa Teresa;Melipilla ;200
Cancha La Carrera;Melipilla ;200
Cancha Lumbrera de Puangue;Melipilla ;200
Cancha Leopoldo Quintanilla;Melipilla;200
Cancha Pudahuel;Melipilla;200
Cancha Veteranos del 79;Melipilla;200
Cancha Santa Filomena;Melipilla ;200
Cancha El Arbolito;Melipilla ;200
Cancha Sargento Candelaria;Melipilla ;200
Cancha El Tránsito;Melipilla ;200
Cancha El Cristo Pomaire;Melipilla ;200
Cancha Chiñigüe Las Rosas;Melipilla ;200
Cancha Chiñigüe Santa Victoria;Melipilla ;200
Cancha Huechún Bajo;Melipilla ;200
Complejo Polideportivo de Melipilla;Melipilla;200
Campo Deportivo Colegio San Agustín;Melipilla;200
Campo Deportivo Colegio Cristóbal Colón;Melipilla;200
Campo Deportivo Colegio Alonso de Ercilla;Melipilla;200
Campo Deportivo Colegio Marambio;Melipilla;200
Campo Deportivo Colegio San Sebastián;Melipilla;200
Campo Deportivo Colegio Los Maitenes;Melipilla;200
Campo Deportivo Colegio Valle de Mallarauco;Melipilla ;200
Campo Deportivo Universidad del Pacífico;Melipilla;200
Complejo Deportivo San Miguel;Melipilla;200
Cancha Estrella de Popeta;Melipilla ;200
Cancha Flor de Mandinga;Melipilla ;200
Cancha Viña Chocalán;Melipilla ;200
Cancha Chiñigüe Los Quilos;El Monte ;200
Campo Deportivo Domingo Nacional;El Monte ;200
Cancha Deportivo Lo Chacón;El Monte ;200
Campo Deportivo Paico Alto;El Monte ;200
Campo Deportivo Santa Adriana;El Monte ;200
Cancha San Luis;El Monte;200
Cancha Santa Adela;El Monte;200
Cancha 23 de Enero;Santiago ;200
Complejo Deportivo Santa Julia N° 1;Santiago ;200
Estadio Municipal Edmundo Pérez Zujovic;Santiago ;200
Estadio Fusco;Santiago ;200
Área de Deportes Campus San Joaquín UC;Santiago ;200
Campo Deportivo Liceo Salesiano Camilo Ortúzar Montt;Santiago ;200
Complejo Deportivo Mundo Sport;Santiago ;200
Estadio Casas Viejas;Santiago ;200
Estadio Unión Centenario de Maipú;Santiago ;200
Estadio Hermanos Carrera;Santiago ;200
Estadio Independencia de Chile;Santiago ;200
Estadio Campos de Batalla;Santiago ;200
Estadio Víctor Cañón Alonso;Santiago ;200
Cancha Ramón Freire;Santiago ;200
Estadio Unión Vivero;Santiago ;200
Estadio El Abrazo de Maipú;Santiago ;200
Cancha Unión La Farfana;Maipú ;200
Cancha Manuel Rodríguez;Santiago ;200
Cancha Línea Chica;Santiago ;200
Cancha Lonquén;Santiago ;200
Cancha 4 Poniente;Santiago ;200
Canchas Parque Tres Poniente;Santiago ;200
Cancha Villa General Baquedano;Santiago ;200
Cancha Villa El Sol;Santiago ;200
Centro Deportivo Aguas Andinas;Maipú ;200
Campo Deportivo Cocesa;Santiago ;200
Campo Deportivo El Coliseo Club Resort;Santiago ;200
Complejo Deportivo Rancho Sport;Santiago ;200
Campo Deportivo Colegio Don Orione;Santiago ;200
Campo Deportivo Indura Cerrillos;Santiago ;200
Centro Deportivo y Recreativo Cerrillos Caja 18;Santiago ;200
Cancha Los Pumas;Santiago ;200
Estadio Megacentro Carrascal;Santiago ;200
Cancha Digna Rosa;Santiago ;200
Cancha Sara Gajardo;Santiago ;200
Canchas Parque Santa Anita;Santiago ;200
Complejo Deportivo El Sauce;Quilpué;200
Cancha El Sauce;Quilpué;200
Canchas Parque Municipal Belloto Norte;Quilpué;200
Cancha El Ocaso;Quilpué;200
Cancha Santa Marta;Quilpué;200
Cancha Belloto Sur;Quilpué;200
Cancha Los Tilos;Quilpué;200
Cancha Colón;Quilpué;200
Cancha Canal Chacao;Quilpué;200
Cancha Flecha Verde Quilpué;Quilpué;200
Complejo Deportivo Estadio Club Peñablanca;Villa Alemana;200
Estadio San Jorge;Santiago ;200
Estadio Israelita Maccabi;Santiago ;200
Stadio Italiano;Santiago ;200
Campo Deportivo Universidad de Los Andes;Santiago, ;200
Estadio Banco Central;Santiago ;200
Estadio Guillermo El Conquistador;Santiago ;200
Estadio Corvi;Santiago ;200
Estadio Fraternal Ferroviaria;Santiago ;200
Cancha José María Caro Sector A;Santiago ;200
Estadio Español de Curicó;Curicó;200
Campo Deportivo Colegio Vichuquén;Curicó;200
Cancha Sol de Septiembre;Curicó;200
Campo Deportivo Colegio Alianza Francesa;Curicó;200
Complejo Deportivo Aguas Negras;Curicó;200
Complejo Deportivo Santa Fé;Curicó;200
Cancha Estrellas de California;Santiago ;200
Cancha El Huasco;Santiago ;200
Canchas Parque La Castrina;Santiago ;200
Cancha Elías de la Cruz;Santiago ;200
Cancha Recreacional Gendarmería;Santiago ;200
Estadio Miguel Calvo;Santiago ;200
Estadio ACHS;Santiago ;200
Estadio UCSH Campus Lo Cañas;Santiago ;200
Cancha Atlético Santa Ana;Santiago ;200
Complejo Deportivo Luis Huneeus;Santiago ;200
Cancha Parque La Bandera;Santiago ;200
Cancha Centro Deportivo Integral San Ramón;Santiago ;200
Cancha Almirante Latorre;Santiago ;200
Estadio Raúl del Canto;Santiago ;200
Complejo Deportivo Las Rosas;Santiago ;200
Campo Deportivo Colegio Marista Marcelino Champagnat;Santiago ;200
Campo Deportivo Colegio Nocedal;Santiago ;200
Campo Deportivo Favet;Santiago ;200
Estadio Villa La Pintana;Santiago ;200
Cancha El Ombú;Santiago ;200
Campo Deportivo Casa de Retiro Fernando Noseda Zambra;Santiago ;200
Club de Campo La Pintana;Santiago ;200
Complejo Deportivo La Platina;Santiago ;200
Estadio Honorino Landa;Santiago ;200
Cancha Villa Salvador Allende;Santiago ;200
Canchas Estadio Municipal Lo Blanco;Santiago ;200
Cancha Villa 4 de Septiembre;Santiago ;200
Cancha Villa Oriente;Santiago ;200
Campo Deportivo Colegio Tantauco;Santiago ;200
Campo Deportivo Club de Suboficiales de la FACH;Santiago ;200
Campo Deportivo Grupo de Abastecimiento FACH;Santiago ;200
Estadio Unión Lo Herrera;San Bernardo ;200
Cancha San León de Nos;Santiago ;200
Cancha Parque Metropolitano Sur;Santiago ;200
Estadio Luis Cruz Martínez;Santiago ;200
Cancha Población San Bernardo;Santiago ;200
Cancha Los Aromos de Chena;Santiago ;200
Cancha Tricolor de Chena;Santiago ;200
Cancha La Portada;Santiago ;200
Cancha Población El Olivo B;Santiago ;200
Cancha Población El Olivo A;Santiago ;200
Cancha Puente Maipo;Santiago ;200
Campo Deportivo Colegio Eliodoro Matte Ossa;Santiago ;200
Centro Deportivo Colegio SSCC Alameda;Santiago ;200
Campus Quimey Instituto Sagrado Corazón;Santiago ;200
Campo Deportivo Escuela de Infantería;Santiago ;200
Centro Deportivo Carozzi Nos;Santiago ;200
Campo Deportivo Casa Mayor de Chena;Santiago ;200
Complejo Deportivo B Park;Santiago ;200
Estadio El Perejil;Santiago ;200
Cancha Huamachuco I;Santiago ;200
Complejo Deportivo Asociación de Fútbol Amateur de San Felipe;San Felipe;200
Estadio Club Deportivo Manuel Rodríguez;San Felipe;200
Cancha Arturo Prat;San Felipe;200
Cancha Unión Tierras Blancas;San Felipe ;200
Campo Deportivo Colegio Curimón;San Felipe ;200
Estadio Brilla El Sol;Talca;200
Estadio Nelson Cabezas;Panguipulli ;200
Estadio José Filomeno Cifuentes;Lampa ;200
Cancha Chile España;Lampa ;200
Cancha Santa Carolina;Lampa ;200
Cancha Santa Sara;Lampa ;200
Cancha Defensor Batuco;Lampa ;200
Cancha Manuel Rodríguez de Batuco;Lampa ;200
Campo Deportivo Cerámica Santiago;Lampa ;200
Cancha Unión Labbé;Lampa ;200
Cancha Renacer del Valle de Chicauma;Lampa ;200
Cancha Sol de Septiembre;Lampa;200
Cancha Inés Bustos;Lampa;200
Cancha Club Deportivo Las Mercedes;Lampa;200
Cancha Unión Lampa;Lampa;200
Campo Deportivo Trabajadores CCU;Lampa;200
Campo Deportivo Gauchos Rugby Club;Lampa ;200
Club de Campo Larapinta;Lampa;200
Campo Deportivo Saint Louis School;Til Til ;200
Cancha Lo Marín de Caleu;Til Til ;200
Cancha Capilla de Caleu;Til Til ;200
Cancha El Llano de Caleu;Til Til ;200
Cancha Los Libertadores;Til Til ;200
Cancha Plazuela de Polpaico;Til Til ;200
Cancha Huechún;Til Til ;200
Cancha Club Deportivo Biblioteca;Santiago ;200
Complejo Deportivo Los Eucaliptus;Santiago ;200
Complejo Deportivo Las Avestruces;Santiago ;200
Canchas de Lo Marcoleta con Santa Luisa;Santiago ;200
Cancha Maltería;Talagante;200
Cancha Almirante Latorre;Talagante;200
Cancha Flota Talagante;Talagante;200
Cancha Municipal Talagante;Talagante;200
Cancha Tegualda;Talagante;200
Campo Deportivo y Recreativo Universidad de Valparaíso;Talagante;200
Cancha Colegio Carampangue;Talagante;200
Campo Deportivo Trebulco School;Talagante ;200
Cancha Colegio Particular Leonardo Da Vinci;Talagante ;200
Cancha Colegio Instituto Talagante;Talagante ;200
Canchas Lo Correano;Talagante ;200
Cancha Sorrento;Talagante ;200
Cancha El Triunfador de Lonquén;Talagante ;200
Cancha Naguayán;Isla de Maipo;200
Cancha Lo Guerra;Isla de Maipo;200
Cancha El Rosario;Isla de Maipo ;200
Cancha La Puntilla;Isla de Maipo ;200
Cancha Parque El Trapiche;Peñaflor;200
Cancha Los Mandarinos;Peñaflor;200
Club de Campo Carmen Goudie Abbott;Peñaflor;200
Cancha Lindenau;Peñaflor ;200
Cancha Iris Larraín;Peñaflor ;200
Cancha Santa Cruz de la Victoria;Santiago ;200
Cancha Juventud Chena;Santiago ;200
Cancha Cruz Azul;Santiago ;200
Cancha Villa Betania;Santiago ;200
Campo Deportivo Colegio Peumayén;Santiago ;200
Estadio San Luis;Padre Hurtado ;200
Campo Deportivo Escuela La Esperanza;Padre Hurtado ;200
Cancha El Trebal;Padre Hurtado ;200
Estadio Calera de Tango;Calera de Tango;200
Cancha Santo Domingo;Calera de Tango;200
Cancha Los Tilos;Calera de Tango;200
Cancha Tarapacá Norte;Calera de Tango;200
Campo Deportivo Colegio San Felipe Diácono;Calera de Tango;200
Cancha Lo Ermita;Calera de Tango;200
Cancha Colonia Agrícola;Paine;200
Estadio Viluco;Buin ;200
Cancha Santa Elena de Viluco;Buin ;200
Cancha Santa Ana de Cervera;Buin ;200
Cancha Club Deportivo Santa Filomena;Buin ;200
Cancha La Alborada;Buin ;200
Campo Deportivo Unión Camposano;Buin ;200
Cancha Club Deportivo Unión San Miguel de Viluco;Buin ;200
Campo Deportivo El Uno Campus;Buin ;200
Cancha Futuro Albo de Maipo;Buin ;200
Cancha Parque Maipo;Buin ;200
Campo Deportivo Colegio Campanario;Buin ;200
Campo Deportivo Liceo Polivalente Los Guindos;Buin;200
Campo Deportivo Colegio Inglés San José de Linderos;Buin ;200
Campo Deportivo Colegio San Isidro;Buin ;200
Complejo Recreativo Alto Jahuel;Buin ;200
Cancha El Recurso;Buin ;200
Estadio Club Deportivo Santa Adriana;Paine ;200
Estadio Club Deportivo Santa Luisa de Challay;Paine ;200
Cancha San Carlos de La Aparición;Paine ;200
Estadio Challay Boys;Paine ;200
Campo Deportivo San Alberto de Cardonal;Paine ;200
Cancha La Turbina;Paine ;200
Complejo Deportivo URMA;Paine;200
Complejo Deportivo Angostura;Paine ;200
Estadio CCU Luis Donoso;Limache;200
Cancha Nacional Limache;Limache;200
Cancha El Limonal;Limache;200
Cancha Juventud El Palacio;Limache;200
Estadio Jorge Guzmán Montt;Hijuelas ;200
Estadio Estrella de Ocoa;Hijuelas ;200
Cancha El Olivo;Hijuelas;200
Complejo Deportivo La Peña;Nogales ;200
Cancha Pachacama;La Calera ;200
Cancha Pachacamita;La Calera ;200
Estadio Aconcagua Sur;Quillota;200
Cancha El Peumo;Quillota;200
Cancha Club Deportivo Dínamo;Quillota;200
Complejo Deportivo Asociación de Fútbol Senior de Quillota;Quillota;200
Campo Deportivo Asociación de Fútbol Independiente Viejos Tercios de Quillota;Quillota ;200
Cancha Los Lúcumos;Quillota;200
Estadio Salvador Said;Quillota;200
Cancha Unión Santa Laura;Olmué;200
Cancha Lo Herrera Olmué;Olmué;200
Cancha Las Compuertas;Catemu ;200
Estadio El Escorial;Panquehue ;200
Estadio Villa Lo Campo;Panquehue;200
Cancha Defensor Artificio;Cabildo ;200
Cancha Alicahue;Cabildo ;200
Cancha Paihuén;Cabildo ;200
Cancha Club Deportivo Peñablanca;Cabildo ;200
Cancha Gaspar Cabrales;Cabildo;200
Cancha Liverpool de Cabildo;Cabildo;200
Cancha El Esfuerzo;Cabildo;200
Complejo Deportivo Compañía Minera Las Cenizas;Cabildo;200
Parque Municipal Cabildo;Cabildo;200
Cancha Club Deportivo Católico;Petorca ;200
Cancha Monte Verde de Pedernal;Petorca ;200
Cancha Calle Larga;Petorca ;200
Cancha Chalaco;Petorca ;200
Cancha Club Deportivo Cóndor;La Ligua;200
Cancha Agua Clara;La Ligua;200
Cancha Unión El Carmen;La Ligua ;200
Cancha Las Bandurrias;San Esteban ;200
Cancha Las Golondrinas;San Esteban ;200
Estadio Estrella Central;San Esteban;200
Estadio Unión Ranchillo;María Pinto ;200
Estadio Malalhue;María Pinto ;200
Estadio Unión Baracaldo;María Pinto, ;200
Estadio Ibacache Alto;María Pinto ;200
Cancha El Bosque;María Pinto;200
Cancha El Resto;Villa Alhué;200
Cancha Hacienda Alhué;Alhué ;200
Cancha San Alfonso de Alhué;Alhué ;200
Cancha Lo Encañado;San Pedro ;200
Cancha Atlético San Pedro;San Pedro;200
Cancha El Prado;San Pedro ;200
Cancha Nihue;San Pedro ;200
Cancha Los Pioneros;San Pedro ;200
Cancha Santa Rosa;San Pedro ;200
Cancha Las Canchillas;San Pedro ;200
Campo Deportivo Loica Abajo;San Pedro ;200
Estadio Viña Guadalao;La Estrella;200
Cancha La Aguada;La Estrella ;200
Cancha Unión Wanders El Peralito;Monte Patria;200
Cancha Santa Luz;Colina ;200
Cancha Quilapilún;Colina ;200
Cancha Las Brisas de Chicureo;Colina ;200
Campo Deportivo Club Santa Elena de Chicureo;Colina ;200
Campo de Entrenamiento Máximo Humbser Zumarán;Colina ;200
Campo Deportivo Tierra Mía;Colina ;200
Campo Deportivo Trewhela's School Chicureo;Colina ;200
Campo Deportivo Colegio Pucalán Montessori;Colina ;200
Campo Deportivo Colegio San Nicolás Diácono;Colina ;200
Centro Deportivo Santa Marta de Liray;Colina ;200
Campo Deportivo Colegio Pumahue Chicureo;Colina ;200
Campo Deportivo Colegio San Antonio de Colina;Colina;200
Estadio Rigoberto Fontt;Colina;200
Estadio O'Higgins de Peldehue;Colina;200
Estadio Victoria de Chacabuco;Colina;200
Cancha El Colorado;Colina ;200
Cancha Las Canteras;Colina ;200
Estadio Club Deportivo San José;La Cruz;200
Complejo Deportivo Claudio Arrau;Santiago ;200
Cancha Luis Beltrán;Santiago ;200
Cancha Villa Couso;Pudahuel ;200
Estadio Peralito Deportivo Juventud Manuel Rodríguez;Pudahuel ;200
Cancha Los Guindos;Pudahuel ;200
Cancha El Tranque;Pudahuel ;200
Campo Deportivo Colegio Manquecura Ciudad de los Valles;Pudahuel ;200
Complejo Deportivo Sigifredo Pereira Urrutia;Arica;200
Cancha San Miguel de Azapa;Arica ;200
Campo Deportivo Colegio Nirvana;Alto Hospicio;200
Estadio Paposo;Taltal ;200
Campo Deportivo Cerro Moreno;Antofagasta ;200
Cancha Benjamín Vicuña Mackenna;Freirina ;200
Cancha Caleta San Pedro;La Serena ;200
Cancha Unión Ceres;La Serena ;200
Cancha Altovalsol;La Serena ;200
Cancha El Islón;La Serena ;200
Cancha Coquimbito;La Serena ;200
Cancha Unión Coquimbito;La Serena ;200
Complejo Deportivo Casas Verdes;La Serena ;200
Cancha Ferro Unido Lambert;La Serena ;200
Cancha Quebrada de Talca;La Serena ;200
Cancha Independiente Rosario;La Serena ;200
Cancha El Romero;La Serena ;200
Cancha Barrabases;La Serena ;200
Cancha Unión Pelícana;La Serena ;200
Canchas Toronto Eagles;La Serena;200
Cancha La Calera;Vicuña ;200
Complejo Deportivo San Gerónimo;Vicuña ;200
Cancha Robert Kennedy;Vicuña ;200
Cancha Peñarol de Gualliguaica;Vicuña ;200
Cancha El Molle;Vicuña ;200
Cancha Fundo Huancara;Vicuña;200
Cancha Capel;Vicuña;200
Cancha Barrabases;Vicuña;200
Cancha Unión Victoria;Vicuña ;200
Cancha Unión Bellavista;Vicuña ;200
Cancha Huracán de Rivadavia;Vicuña ;200
Cancha Villaseca;Vicuña ;200
Cancha Diaguitas;Vicuña ;200
Cancha Lautaro de La Compañía;Vicuña ;200
Cancha El Chañar;Río Hurtado ;200
Cancha Morrillos;Río Hurtado ;200
Cancha Unión San Luis de Huallillinga;Ovalle ;200
Cancha Nueva Alianza Barraza Bajo;Ovalle ;200
Cancha Algarrobo;Ovalle ;200
Cancha Arcoíris de Carachilla;Ovalle ;200
Estadio Cerrillos de Tamaya;Ovalle ;200
Cancha Estrella de Las Sossas;Ovalle ;200
Cancha Esmeralda de Huamalata;Ovalle ;200
Cancha Villa Seca;Ovalle ;200
Cancha Los Leices;Ovalle;200
Cancha Lagunillas;Ovalle ;200
Cancha Unión Recoleta;Ovalle ;200
Cancha Socos;Ovalle ;200
Cancha San Luis de Las Parcelas;Ovalle ;200
Cancha Flor del Norte;Ovalle ;200
Cancha Huracán de La Torre;Ovalle ;200
Cancha Julio Díaz;Ovalle ;200
Cancha Sol Unido;Ovalle ;200
Cancha San Luis de Talhuén;Ovalle ;200
Cancha San Pedro El Guindo;Ovalle ;200
Cancha San Rafael de Los Nogales;Ovalle ;200
Cancha Los Copihues;Ovalle ;200
Cancha Campo Lindo;Ovalle ;200
Cancha Trapiche;Ovalle ;200
Cancha Tabalí;Ovalle ;200
Cancha Unión Cora Santa Catalina;Ovalle ;200
Cancha Union Bellavista de Santa Cristina;Ovalle ;200
Cancha Las Vegas de La Placa;Ovalle ;200
Cancha Vegas de Limarí;Ovalle ;200
Cancha La Silleta;Ovalle ;200
Cancha Llanos de Limarí;Ovalle ;200
Cancha El Talhuén;Ovalle ;200
Cancha Coirón;Salamanca ;200
Cancha Tahuinco;Salamanca ;200
Complejo Deportivo Guillermo Merino Vallejo;Salamanca ;200
Cancha Luisín Landáez;Salamanca ;200
Cancha Unión Batuco;Salamanca ;200
Cancha San Agustín;Salamanca ;200
Cancha Zapallar;Salamanca ;200
Campo Deportivo Miraflores;Illapel ;200
Cancha Sausalito;Illapel;200
Cancha El Yeso;Illapel ;200
Cancha Cuz-Cuz;Illapel ;200
Cancha Matancilla;Illapel ;200
Cancha Unión Charchal;Illapel ;200
Campo Deportivo Estrella del Mar;Los Vilos ;200
Campo Deportivo Santa Inés;Los Vilos ;200
Cancha Independiente de Quilimarí;Los Vilos ;200
Estadio Pangalillo;Los Vilos ;200
Campo Deportivo Independiente de Los Marcos;Mostazal ;200
Cancha El Roble;San Francisco de Mostazal;200
Campo Deportivo Juventud América;Mostazal ;200
Campo Deportivo Unión Angostura;Mostazal ;200
Cancha O'Higgins de Pilay;Mostazal ;200
Complejo Deportivo Estadio Nestlé;Graneros;200
Cancha Club Deportivo Sindicato;Graneros;200
Cancha Los Moros;Graneros ;200
Cancha Los Chinos;Graneros ;200
Cancha La Cabaña;Graneros ;200
Campo Deportivo San Joaquín de Tuniche;Rancagua ;200
Campo Deportivo San Eduardo;Codegua ;200
Complejo Deportivo Municipal de Doñihue;Doñihue;200
Complejo Deportivo Santa Eugenia;Olivar ;200
Cancha La Isla;Olivar;200
Cancha Unión Olivar Bajo;Olivar ;200
Estadio Yungay de Gultro;Olivar ;200
Cancha Lo Conti;Olivar;200
Campo Deportivo Juventud Gales;Rengo;200
Campo Deportivo Manuel Vivanco Zenteno;Rengo;200
Cancha La Piscina;Rengo;200
Recinto Deportivo Santa Elisa;Chimbarongo;200
Cancha Club de Deportes Chimbarongo;Chimbarongo;200
Campo Deportivo La Platina;Chimbarongo ;200
Campo Deportivo Unión Porvenir;Chimbarongo ;200
Cancha El Romeral;Chimbarongo ;200
Cancha Viña Cono Sur;Chimbarongo;200
Cancha Club Deportivo Unión Juvenil;Chimbarongo;200
Campo Deportivo Alianza Tinguiririca;Chimbarongo ;200
Estadio Club Deportivo Tarapacá;Chimbarongo ;200
Campo Deportivo Las Cañas;Chimbarongo ;200
Cancha Deportivo Codegua;Chimbarongo ;200
Campo Deportivo Colonia Quinta;Chimbarongo ;200
Campo Deportivo Infante Vial;Chimbarongo ;200
Cancha Santa Valentina;Chimbarongo ;200
Campo Deportivo San Juan de la Sierra;Chimbarongo ;200
Campo Deportivo Escuela Agrícola Las Garzas;Chimbarongo;200
Cancha Las Ranas;Chimbarongo ;200
Campo Deportivo El Perejil;Chimbarongo ;200
Estadio Lo Valdivia;Sagrada Familia;200
Campo Deportivo UdeC Sede Chillán;Chillán;200
Campo Deportivo Colegio Concepción de Chillán;Chillán;200
Campo Deportivo Colegio Alturas;Chillán;200
Campo Deportivo Campus La Castilla UBB;Chillán;200
Complejo Deportivo Copelec;Chillán;200
Campo Deportivo UnACh;Chillán ;200
Cancha Población Purén;Chillán;200
Cancha Atlanta;Chillán;200
Estadio Quinchamalí;Chillán ;200
Cancha Confluencia;Chillán ;200
Cancha Santa Cruz de Cuca;Chillán ;200
Cancha Colliguay;Chillán ;200
Cancha Ñuble Alto;Chillán ;200
Cancha El Huape;Chillán ;200
Cancha Capilla Cox;Chillán ;200
Cancha Santa Raquel;Chillán ;200
Cancha Unión Campesina;Chillán;200
Campo Deportivo Liceo Agrícola de Chillán;Chillán ;200
Cancha Nacional de Cato;Chillán ;200
Complejo Recreativo Rinconada de Cato;Chillán ;200
Cancha Central Las Coles;Chillán ;200
Cancha Los Naranjos;Chillán Viejo;200
Cancha Conde del Maule;Chillán Viejo;200
Cancha Cobreloa de Chillán Viejo;Chillán Viejo;200
Complejo Deportivo Mariano Egaña;Chillán Viejo;200
Cancha El Quillay;Chillán Viejo ;200
Cancha Los Colihues;Chillán Viejo ;200
Cancha Maule Larqui;Chillán Viejo ;200
Cancha Quilmo Bajo;Chillán Viejo ;200
Cancha Juventud Unida San Nicolás;San Nicolás;200
Cancha Dadinco Antigua;San Nicolás ;200
Cancha El Oratorio;San Nicolás ;200
Cancha Bajo El Ala;San Nicolás ;200
Cancha Lucumávida Norte;San Nicolás ;200
Cancha Lucumávida Sur;San Nicolás ;200
Cancha Villa Illinois;San Carlos ;200
Cancha Nueva Esperanza;San Carlos ;200
Campo Deportivo Liceo Agrícola San Carlos;San Carlos;200
Campo Deportivo Liceo Técnico Profesional Violeta Parra Sandoval;San Carlos;200
Cancha La Granja;San Carlos;200
Cancha Universidad de Chile;San Carlos;200
Cancha Las Garzas;San Carlos;200
Cancha Club Deportivo Barrabases;San Carlos;200
Complejo Deportivo Unión;San Carlos;200
Cancha San Camilo;San Carlos ;200
Estadio Cachapoal;San Carlos ;200
Estadio Buli Estación;San Carlos ;200
Cancha Real Arboledas;San Carlos ;200
Cancha Las Arboledas;San Carlos ;200
Cancha El Manzanal;San Carlos ;200
Cancha El Torreón;San Carlos ;200
Cancha La Ribera de Ñuble;San Carlos ;200
Cancha Muticura;San Carlos ;200
Cancha Tres Esquinas;San Carlos ;200
Cancha El Peñón;San Carlos ;200
Cancha El Sauce;San Carlos ;200
Cancha La Maravilla;San Carlos ;200
Cancha Virgüín;Ñiquén ;200
Cancha Los Maitenes;Ñiquén ;200
Cancha Tiuquilemu;Ñiquén ;200
Cancha San Pedro de Las Rosas;Ñiquén ;200
Cancha Zemita;Ñiquén ;200
Cancha San Fernando de Zemita;Ñiquén ;200
Cancha San José de Zemita;Ñiquén ;200
Cancha Ñiquén Estación;Ñiquén;200
Cancha Paredones;Ñiquén ;200
Cancha San Roque;Ñiquén ;200
Cancha San Jorge;Ñiquén ;200
Cancha Estrella La Gloria;Ñiquén ;200
Cancha Trabuncura;San Fabián ;200
Cancha Paso Ancho;San Fabián ;200
Cancha La Vega;San Fabián ;200
Cancha Flor de Quihua;San Fabián ;200
Cancha Apolo Andes Unido;Coihueco;200
Complejo Deportivo Lorenzo Mondanelli;Coihueco;200
Complejo Familiar y Deportivo ISM Chillán;Coihueco ;200
Cancha Club Deportivo Copihual;Coihueco ;200
Cancha Bureo Bajo;Coihueco ;200
Cancha San Antonio de Cato;Coihueco ;200
Cancha Las Pataguas;Coihueco ;200
Cancha Unión Cordillera;Coihueco ;200
Cancha Renacer Coleal Central;Coihueco ;200
Cancha La Dehesa;Coihueco ;200
Cancha Rinconada de Taucú;Cobquecura ;200
Cancha Huilquicura;Cobquecura ;200
Cancha Calama;Ninhue;200
Cancha Villa Las Palmeras;Ninhue;200
Cancha La Isla;Ninhue ;200
Cancha El Rincón;Ninhue ;200
Cancha Coyanco;Ninhue ;200
Cancha Hualte;Ninhue ;200
Cancha Torrecillas;Ninhue ;200
Cancha Minas de Leuque;Treguaco ;200
Cancha Hernán Brañas;Treguaco ;200
Cancha Denecán;Treguaco ;200
Cancha Santa Laura de Puahún;Treguaco ;200
Cancha Matadero;Coelemu;200
Cancha Ranguelmo;Coelemu ;200
Cancha Vegas de Itata;Coelemu ;200
Cancha Meipo;Coelemu ;200
Estadio Paso Hondo;Ránquil ;200
Cancha Liceo Particular;Portezuelo;200
Cancha El Sauce;Portezuelo ;200
Cancha San Gerónimo de Panguilemu;Portezuelo ;200
Cancha Rincomávida;Portezuelo ;200
Cancha Quitento;Portezuelo ;200
Cancha Llahuén;Portezuelo ;200
Cancha La Esparraguera;Quillón;200
Cancha Huacamalá;Quillón;200
Cancha Bernardo O'Higgins de Quillón;Quillón;200
Cancha Cerro Porteño de Quillón;Quillón;200
Cancha Las Camelias;Quillón;200
Cancha Cerro Negro;Quillón ;200
Cancha El Casino;Quillón ;200
Cancha Comjuv;Pinto;200
Cancha Recinto;Pinto ;200
Cancha Centro Turístico Paraíso;Pinto ;200
Cancha Simón Bolívar;San Ignacio;200
Cancha San Miguel;San Ignacio ;200
Cancha Alianza de Lourdes;San Ignacio ;200
Cancha Santa Juana;San Ignacio ;200
Estadio El Lucero;San Ignacio ;200
Estadio Selva Negra;San Ignacio ;200
Cancha Los Maitenes;San Ignacio ;200
Cancha El Esfuerzo;San Ignacio ;200
Cancha Canta Rana;San Ignacio ;200
Cancha La Greda;San Ignacio ;200
Cancha Unión Barrio Alto;San Ignacio ;200
Cancha Mayulermo;San Ignacio ;200
Cancha Santa Clara;Bulnes ;200
Estadio Tres Jotas;Bulnes ;200
Cancha Unión Pueblo Seco;Bulnes ;200
Cancha El Faro;Bulnes ;200
Cancha Club Deportivo El Carmen;Bulnes ;200
Cancha Coltón Quillay;Bulnes ;200
Cancha Los Tilos;Bulnes ;200
Cancha General Cruz;Pemuco ;200
Cancha San Miguel de Diguillín;Pemuco ;200
Cancha San Pedro;Pemuco ;200
Cancha Balneario Trilaleo;Yungay;200
Estadio Unión de Campanario;Yungay ;200
Cancha Sausalito;Yungay ;200
Cancha Los Mayos;Yungay ;200
Cancha Los Puquíos;Yungay ;200
Cancha Ranchillo;Yungay ;200
Cancha San Luis de Curapaso;Yungay ;200
Cancha Huracán Los Laureles;Yungay ;200
Cancha San Miguel de Itata;Yungay ;200
Cancha El Progreso;Cabrero ;200
Cancha El Santo;Tomé;200
Cancha California;Tomé;200
Complejo Deportivo Carlos Mahns;Tomé;200
Cancha Cerro Alegre;Tomé;200
Cancha Cerro Estanque;Tomé;200
Cancha Tomé Alto;Tomé;200
Cancha Dos Esquinas;Tomé;200
Cancha Litril;Tomé ;200
Cancha Vegas de Coliumo;Tomé ;200
Cancha Menque;Tomé ;200
Cancha Unión Punta de Parra;Tomé ;200
Cancha Rafael;Tomé;200
Campo Deportivo Universidad del Bío-Bío;Concepción;200
Campos Deportivos Llacolén;Concepción ;200
Parque Humedal Los Batros;Concepción ;200
Cancha Nueva Los Lobos;Talcahuano;200
Cancha Vista Hermosa;Talcahuano;200
Cancha Diego Portales;Talcahuano;200
Cancha La Bombonera Población Libertad;Talcahuano;200
Cancha Corvi;Talcahuano;200
Cancha Juventud Letelier;Talcahuano;200
Cancha Santa Marta;Talcahuano;200
Cancha Estrella Azul;Talcahuano;200
Cancha Centinela;Talcahuano;200
Cancha Estrella del Mar;Lota;200
Cancha Vipla;Penco ;200
Cancha del Cura ;Concepción ;200
Cancha Quilacoya;Hualqui ;200
Cancha Colcura;Lota ;200
Cancha Laraquete;Arauco ;200
Cancha Conumo;Arauco ;200
Complejo Deportivo Cantarrana;Los Ángeles;200
Cancha San Carlos de Purén;Los Ángeles ;200
Cancha Municipal de Millantú;Los Ángeles ;200
Cancha Municipal de Santa Fe;Los Ángeles ;200
Cancha Club Deportivo Barrio Alto;Los Ángeles ;200
Cancha La Victoria de La Candelaria;Los Ángeles ;200
Cancha Cuel;Los Ángeles ;200
Cancha Chacayal Sur;Los Ángeles ;200
Cancha CD Las Viñas;Los Ángeles ;200
Cancha Arda;Yumbel;200
Cancha Héctor Dávila;Yumbel;200
Cancha Hermanos Mendoza;Yumbel;200
Cancha Sucupira;Yumbel;200
Cancha Juventud Tomeco;Yumbel ;200
Cancha Entre Ríos;Nacimiento;200
Cancha Villa Nahuelbuta;Nacimiento;200
Cancha Miraflores;Negrete;200
Complejo Deportivo Villa Coihue;Negrete ;200
Cancha Santa Amelia;Negrete ;200
Cancha Hacienda Negrete;Negrete ;200
Cancha Santa Laura;Mulchén;200
Campo Deportivo Munilque;Mulchén ;200
Cancha N°2 Estadio Municipal de Quilleco;Quilleco;200
Cancha Club Deportivo Quilleco;Quilleco;200
Cancha Liceo Bicentenario Francisco Bascuñan Guerrero;Quilleco;200
Cancha San Lorencito;Quilleco ;200
Cancha Unión Las Canteras;Quilleco ;200
Cancha Defensor El Hualle;Quilleco ;200
Cancha Club Deportivo San Vicente;Quilleco ;200
Cancha Villa Mercedes;Quilleco ;200
Cancha Huracán de Los Álamos;Los Álamos;200
Estadio Independiente de Tres Pínos;Los Álamos ;200
Estadio Antihuala;Los Álamos ;200
Cancha Quillaitún;Los Álamos ;200
Cancha Temuco Chico;Los Álamos ;200
Cancha La Araucana;Los Álamos ;200
Cancha Villa Los Ríos;Los Álamos ;200
Cancha Pichi Pellahuén;Lumaco ;200
Cancha San Ramón;Padre Las Casas ;200
Cancha Icalma;Lonquimay ;200
Cancha Liucura;Lonquimay ;200
Cancha Putúe Alto;Villarrica ;200
Cancha Coñaripe;Panguipulli ;200
Estadio Municipal de Coñaripe;Panguipulli ;200
Campo Deportivo Liquiñe;Panguipulli ;200
Estadio Melefquén;Panguipulli ;200
Estadio Nontuelá 200;Futrono ;200
Campo Deportivo Campus Isla Teja UACh;Valdivia;200
Cancha Club Deportivo Arica;Valdivia;200
Complejo Deportivo Guacamayo;Valdivia;200
Cancha Club Deportivo Unión Libertad;Valdivia;200
Cancha Almirante Latorre;Valdivia;200
Cancha Adison Aguilar;Valdivia;200
Campos Deportivos Arauco Valdivia;Valdivia;200
Cancha Hogar Huachocopihue UACh;Valdivia;200
Cancha Parque Guillermo Harnecker;Valdivia;200
Cancha Club Deportivo Pacífico Sur;Valdivia;200
Cancha Club Deportes Las Ánimas;Valdivia;200
Campo Deportivo Universidad de Los Lagos;Osorno;200
Club Deportivo Olimpia;Osorno;200
Cancha Los Pellines;Llanquihue ;200
Estadio Colonia Tres Puentes;Puerto Varas ;200
Estadio Villa Artesanía;Puerto Montt;200
Estadio Club Deportivo Bahía Pargua;Calbuco ;200
Cancha Cerro Porteño;Puerto Aysén;200
Cancha N°2 Estadio Municipal de Coyhaique;Coyhaique;200
Campo Deportivo Universidad de Magallanes;Punta Arenas;200
Complejo Deportivo Club Magallanes;Punta Arenas;200
Estadio Municipal de Río Hurtado;Río Hurtado;186
Estadio Municipal de Pailahueque;Ercilla ;180
Estadio Municipal de Pidima;Ercilla ;180
Estadio Tortel;Tortel;180
Estadio Municipal de Lago Verde;Lago Verde;180
Estadio Municipal de Pehuén;Lebu ;166
Estadio Puerto Río Tranquilo;Río Ibáñez ;150
Estadio Municipal de Curaco de Vélez;Curaco de Vélez;150
Estadio Galvarino Riveros;Curaco de Vélez;150
Estadio Monte Verde;Tucapel ;150
Cancha El Tránsito;Alto del Carmen, ;144
Cendyr Villa O'Higgins;Santiago ;130
Estadio Goodyear;Santiago ;114
Cancha Estrella San José FC;Santiago ;110
Complejo Deportivo Miraflores;Santiago ;100
Complejo Deportivo Roma;Santiago ;100
Canchas El Taqueral;Lampa ;100
Estadio Marianista;Santiago ;100
Cancha Santa Luisa;Santiago ;100
Cancha Santa Victoria;Santiago ;100
Cancha Club Deportivo Santa Elvira;Santiago ;100
Cancha Club Deportivo Villa Santa Clara;Santiago ;100
Cancha Club Deportivo Villa Boroa;Santiago ;100
Cancha Gimnasio Municipal de Cerrillos;Santiago ;100
Cancha Fundación Domingo Matte Mesías;Santiago ;100
Complejo Deportivo Ciudad de Dios;Santiago ;100
Cancha Los Morros;Santiago ;100
Campo Deportivo Transelec;Santiago ;100
Cancha Centro de Eventos Bauerland;Santiago ;100
Campo Deportivo Colegio del Valle;Santiago ;100
Complejo Deportivo Los Vascos;Pirque;100
Complejo Deportivo Habivalp;Valparaíso;100
Cancha Visviri;General Lagos ;100
Cancha Tacora;General Lagos ;100
Cancha Quistagama;Camiña ;100
Cancha Pisagua;Huara ;100
Cancha Los Nogales de Paine;Paine;100
Cancha Farellones;Lo Barnechea ;100
Campo Deportivo San Miguel de Colina;Santiago ;100
Estadio Municipal de Cerro Sombrero;Primavera ;100
Estadio Municipal de Juan Fernández;Juan Fernández;100
